piece	TimeSig	KeySig	last_mc	last_mn	length_qb	last_mc_unfolded	last_mn_unfolded	length_qb_unfolded	all_notes_qb	n_onsets	n_onset_positions	guitar_chord_count	form_label_count	label_count	composer	workTitle	movementNumber	movementTitle	workNumber	poet	lyricist	arranger	copyright	creationDate	platform	source	translator	title_text	subtitle_text	composer_text	musescore	ms3_version	subdirectory	rel_path	has_drumset	ambitus	staff_1_instrument	staff_1_ambitus	staff_2_instrument	staff_2_ambitus
A-MCAU_RE1755-001_SID080	1: 4/4	1: 0	10	10	40.0	15	15	60.0	72.0	70	36	0	0	0	Rein, Johann Balthasar	Ach! ach! wie drücken meine Sünden								2021-04-07	Microsoft Windows			Ach! ach! wie drücken meine Sünden		Rein, Johann Balthasar	3.6.2	2.5.3	1755_VierstimmigChoralbuch/Analysis-MusiCAU	1755_VierstimmigChoralbuch/Analysis-MusiCAU/A-MCAU_RE1755-001_SID080.mscx	False	40-76 (E2-E5)	Piano	64-76 (E4-E5)	Piano	40-57 (E2-A3)
A-MCAU_RE1755-002	1: 3/4	1: 2	14	13	36.0	19	17	48.0	72.0	73	40	0	0	0	Rein, Johann Balthasar	Ach, alles was Himmel und Erden umschließet								2022-06-22	Microsoft Windows			Ach, alles was Himmel und Erden umschließet	RE1755-002	Rein, Johann Balthasar	3.6.2	2.5.3	1755_VierstimmigChoralbuch/Analysis-MusiCAU	1755_VierstimmigChoralbuch/Analysis-MusiCAU/A-MCAU_RE1755-002.mscx	False	43-76 (G2-E5)	Piano	62-76 (D4-E5)	Piano	43-57 (G2-A3)
A-MCAU_RE1755-003	1: 4/4	1: -2	13	13	52.0	13	13	52.0	90.0	82	42	0	0	0	Rein, Johann Balthasar	Ach, böeob bey uns Herr Jesu Christ								2022-06-22	Microsoft Windows			Ach, bleib bey uns Herr Jesu Christ	RE1755-003	Rein, Johann Balthasar	3.6.2	2.5.3	1755_VierstimmigChoralbuch/Analysis-MusiCAU	1755_VierstimmigChoralbuch/Analysis-MusiCAU/A-MCAU_RE1755-003.mscx	False	41-77 (F2-F5)	Piano	65-77 (F4-F5)	Piano	41-55 (F2-G3)
A-MCAU_RE1755-004_SID046	1: 4/4	1: -2	16	16	64.0	16	16	64.0	112.0	99	52	0	0	0	Rein	"Ach, daß ein jeder nahm in acht
"								2021-03-01	Microsoft Windows			"Ach, daß ein jeder nahm in acht
"		Rein	3.6.2	2.5.3	1755_VierstimmigChoralbuch/Analysis-MusiCAU	1755_VierstimmigChoralbuch/Analysis-MusiCAU/A-MCAU_RE1755-004_SID046.mscx	False	41-74 (F2-D5)	Piano	65-74 (F4-D5)	Piano	41-55 (F2-G3)
A-MCAU_RE1755-005_SID097	1: 4/4	1: -2	14	14	56.0	19	19	76.0	108.0	96	52	0	0	0	Rein, Johann Balthasar	Ach, ein Wort von großer Treue								2022-04-06	Microsoft Windows			Ach, ein Wort von großer Treue	RE1755-005	Rein, Johann Balthasar	3.6.2	2.5.3	1755_VierstimmigChoralbuch/Analysis-MusiCAU	1755_VierstimmigChoralbuch/Analysis-MusiCAU/A-MCAU_RE1755-005_SID097.mscx	False	43-75 (G2-Eb5)	Piano	65-75 (F4-Eb5)	Piano	43-58 (G2-Bb3)
A-MCAU_RE1755-006_SID069	1: 4/4	1: -1	15	15	60.0	15	15	60.0	108.0	105	56	0	0	0	Rein, Johann Balthasar	Ach, freundlichster Herr Jesu Christ								2021-04-07	Microsoft Windows			Ach, freundlichster Herr Jesu Christ		Rein, Johann Balthasar	3.6.2	2.5.3	1755_VierstimmigChoralbuch/Analysis-MusiCAU	1755_VierstimmigChoralbuch/Analysis-MusiCAU/A-MCAU_RE1755-006_SID069.mscx	False	40-77 (E2-F5)	Piano	62-77 (D4-F5)	Piano	40-57 (E2-A3)
A-MCAU_RE1755-007_SID037	1: 4/4	1: -2	13	13	52.0	18	18	72.0	90.0	83	45	0	0	0	Rein	"Ach Gott! es hat mich ganz verderbt
"								2021-03-03	Microsoft Windows			"Ach Gott! es hat mich ganz verderbt
"		Rein	3.6.2	2.5.3	1755_VierstimmigChoralbuch/Analysis-MusiCAU	1755_VierstimmigChoralbuch/Analysis-MusiCAU/A-MCAU_RE1755-007_SID037.mscx	False	38-74 (D2-D5)	Piano	62-74 (D4-D5)	Piano	38-55 (D2-G3)
A-MCAU_RE1755-008_SID096	1: 4/4	1: 0	23	23	92.0	33	33	132.0	166.0	155	83	0	0	0	Rein, Johann Balthasar	Ach Gott! ich dencke nun daran								2022-04-06	Microsoft Windows			Ach Gott! ich dencke nun daran	RE1755-008	Rein, Johann Balthasar	3.6.2	2.5.3	1755_VierstimmigChoralbuch/Analysis-MusiCAU	1755_VierstimmigChoralbuch/Analysis-MusiCAU/A-MCAU_RE1755-008_SID096.mscx	False	40-76 (E2-E5)	Piano	60-76 (C4-E5)	Piano	40-57 (E2-A3)
A-MCAU_RE1755-009_SID036	1: 4/4	1: -2	10	10	40.0	10	10	40.0	72.0	70	38	0	0	0	Rein	"Ach Gott! in was für Freudigkeit
"								2021-03-03	Microsoft Windows			"Ach Gott! in was für Freudigkeit
"		Rein	3.6.2	2.5.3	1755_VierstimmigChoralbuch/Analysis-MusiCAU	1755_VierstimmigChoralbuch/Analysis-MusiCAU/A-MCAU_RE1755-009_SID036.mscx	False	41-75 (F2-Eb5)	Piano	65-75 (F4-Eb5)	Piano	41-58 (F2-Bb3)
A-MCAU_RE1755-010_SID011	1: 4/4	1: -1	14	14	56.0	19	19	76.0	98.0	97	51	0	0	0	Rein	"Ach Gott! mich drückt ein schwerer Stein
"								2021-02-21	Microsoft Windows			"Ach Gott! mich drückt ein schwerer Stein
"	TR011; RE1755-010	Rein	3.6.2	2.5.3	1755_VierstimmigChoralbuch/Analysis-MusiCAU	1755_VierstimmigChoralbuch/Analysis-MusiCAU/A-MCAU_RE1755-010_SID011.mscx	False	40-76 (E2-E5)	Piano	62-76 (D4-E5)	Piano	40-53 (E2-F3)
A-MCAU_RE1755-011_SID001	1: 4/4	1: 0	11	11	44.0	11	11	44.0	76.0	66	36	0	0	0	Rein	Ach Gott und Herr								2021-01-28	Microsoft Windows			Ach Gott und Herr		Rein	3.6.2	2.5.3	1755_VierstimmigChoralbuch/Analysis-MusiCAU	1755_VierstimmigChoralbuch/Analysis-MusiCAU/A-MCAU_RE1755-011_SID001.mscx	False	43-76 (G2-E5)	Piano	67-76 (G4-E5)	Piano	43-55 (G2-G3)
A-MCAU_RE1755-012_SID002	1: 4/4	1: 0	13	13	52.0	18	18	72.0	90.0	87	46	0	0	0	Rein	Ach Gott vom Himme sieh darein								2021-01-28	Microsoft Windows			"Ach Gott! vom Himmel sieh darein
"		Rein	3.6.2	2.5.3	1755_VierstimmigChoralbuch/Analysis-MusiCAU	1755_VierstimmigChoralbuch/Analysis-MusiCAU/A-MCAU_RE1755-012_SID002.mscx	False	40-76 (E2-E5)	Piano	64-76 (E4-E5)	Piano	40-57 (E2-A3)
A-MCAU_RE1755-013_SID012	1: 4/4	1: -1	18	18	72.0	23	23	92.0	126.0	119	63	0	0	0	Rein, Johann Balthasar	Ach Gott! wie ist dein Ebenbild								2021-10-22	Microsoft Windows			Ach Gott! wie ist dein Ebenbild		Rein, Johann Balthasar	3.6.2	2.5.3	1755_VierstimmigChoralbuch/Analysis-MusiCAU	1755_VierstimmigChoralbuch/Analysis-MusiCAU/A-MCAU_RE1755-013_SID012.mscx	False	41-76 (F2-E5)	Piano	62-76 (D4-E5)	Piano	41-57 (F2-A3)
A-MCAU_RE1755-014_SID021	1: 4/4	1: -3	16	16	64.0	21	21	84.0	116.0	110	60	0	0	0	Rein	"Ach Gott! wie schrecklich ist dein Grimm
"								2021-02-21	Microsoft Windows			"Ach Gott! wie schrecklich ist dein Grimm
"		Rein	3.6.2	2.5.3	1755_VierstimmigChoralbuch/Analysis-MusiCAU	1755_VierstimmigChoralbuch/Analysis-MusiCAU/A-MCAU_RE1755-014_SID021.mscx	False	44-75 (Ab2-Eb5)	Piano	63-75 (Eb4-Eb5)	Piano	44-58 (Ab2-Bb3)
A-MCAU_RE1755-015_SID085	1: 4/4	1: -2	13	13	52.0	18	18	72.0	90.0	79	40	0	0	0	Rein, Johann Balthasar	Ach Herre, du gerechter Gott								2021-04-07	Microsoft Windows			Ach Herre, du gerechter Gott		Rein, Johann Balthasar	3.6.2	2.5.3	1755_VierstimmigChoralbuch/Analysis-MusiCAU	1755_VierstimmigChoralbuch/Analysis-MusiCAU/A-MCAU_RE1755-015_SID085.mscx	False	41-74 (F2-D5)	Piano	65-74 (F4-D5)	Piano	41-55 (F2-G3)
A-MCAU_RE1755-016_SID029	1: 4/4	1: 1	14	14	56.0	19	19	76.0	108.0	94	49	0	0	0	Rein	"Ach Herr! lehre mich bedencken
"								2021-02-21	Microsoft Windows			"Ach Herr! lehre mich bedencken
"		Rein	3.6.2	2.5.3	1755_VierstimmigChoralbuch/Analysis-MusiCAU	1755_VierstimmigChoralbuch/Analysis-MusiCAU/A-MCAU_RE1755-016_SID029.mscx	False	38-76 (D2-E5)	Piano	62-76 (D4-E5)	Piano	38-59 (D2-B3)
A-MCAU_RE1755-017_SID077	1: 4/4	1: 0	15	15	60.0	20	20	80.0	108.0	99	53	0	0	0	Rein, Johann Balthasar	Ach höchster Gott! verleihe mir								2021-10-22	Microsoft Windows			Ach höchster Gott! verleihe mir		Rein, Johann Balthasar	3.6.2	2.5.3	1755_VierstimmigChoralbuch/Analysis-MusiCAU	1755_VierstimmigChoralbuch/Analysis-MusiCAU/A-MCAU_RE1755-017_SID077.mscx	False	40-74 (E2-D5)	Piano	64-74 (E4-D5)	Piano	40-57 (E2-A3)
A-MCAU_RE1755-018	1: 3/4	1: -1	26	26	78.0	26	26	78.0	156.0	117	62	0	0	0	Rein, Johann Balthasar	Ach hört doch und faßt guten Muth								2022-07-28	Microsoft Windows			Ach hört doch und faßt guten Muth	RE1755-018	Rein, Johann Balthasar	3.6.2	2.5.3	1755_VierstimmigChoralbuch/Analysis-MusiCAU	1755_VierstimmigChoralbuch/Analysis-MusiCAU/A-MCAU_RE1755-018.mscx	False	38-77 (D2-F5)	Piano	62-77 (D4-F5)	Piano	38-57 (D2-A3)
A-MCAU_RE1755-019_SID060	1: 4/4	1: 0	13	13	52.0	18	18	72.0	88.0	76	39	0	0	0	Rein, Johann Balthasar	Ach Jesu, deßen Treu								2021-10-22	Microsoft Windows			Ach Jesu, deßen Treu		Rein, Johann Balthasar	3.6.2	2.5.3	1755_VierstimmigChoralbuch/Analysis-MusiCAU	1755_VierstimmigChoralbuch/Analysis-MusiCAU/A-MCAU_RE1755-019_SID060.mscx	False	40-74 (E2-D5)	Piano	60-74 (C4-D5)	Piano	40-57 (E2-A3)
A-MCAU_RE1755-020_SID087	1: 3/4	1: 1	27	26	78.0	27	26	78.0	156.0	120	66	0	0	0	Kittel, Johann Christian	Ach Jesu, meiner Seelen Freude								2021-11-30	Microsoft Windows			Ach Jesu, meiner Seelen Freude		Rein, Johann Balthasar	3.6.2	2.5.3	1755_VierstimmigChoralbuch/Analysis-MusiCAU	1755_VierstimmigChoralbuch/Analysis-MusiCAU/A-MCAU_RE1755-020_SID087.mscx	False	38-74 (D2-D5)	Piano	64-74 (E4-D5)	Piano	38-57 (D2-A3)
A-MCAU_RE1755-021	1: 4/4	1: -1	10	10	40.0	10	10	40.0	72.0	70	37	0	0	0	Rein, Johann Balthasar	Ach Jesu, werther Gnaden Thron								2022-06-21	Microsoft Windows			Ach Jesu, werther Gnaden Thron	RE1755-021	Rein, Johann Balthasar	3.6.2	2.5.3	1755_VierstimmigChoralbuch/Analysis-MusiCAU	1755_VierstimmigChoralbuch/Analysis-MusiCAU/A-MCAU_RE1755-021.mscx	False	41-74 (F2-D5)	Piano	65-74 (F4-D5)	Piano	41-57 (F2-A3)
A-MCAU_RE1755-022_SID039	1: 4/4	1: -1	11	11	44.0	11	11	44.0	76.0	70	37	0	0	0	Rein	"Ach komm, du süßer Lebens-Saft
"								2021-03-03	Microsoft Windows			"Ach komm, du süßer Lebens-Saft
"		Rein	3.6.2	2.5.3	1755_VierstimmigChoralbuch/Analysis-MusiCAU	1755_VierstimmigChoralbuch/Analysis-MusiCAU/A-MCAU_RE1755-022_SID039.mscx	False	41-74 (F2-D5)	Piano	65-74 (F4-D5)	Piano	41-53 (F2-F3)
A-MCAU_RE1755-023_SID046	1: 4/4	1: -2	31	31	124.0	31	31	124.0	224.0	205	111	0	0	0	Johann Balthasar Rein	Ach lieber Mensch, erkenne recht								2023-07-24	Microsoft Windows			Ach lieber Mensch, erkenne recht	RE1755-023	Johann Balthasar Rein	3.6.2	2.5.3	1755_VierstimmigChoralbuch/Analysis-MusiCAU	1755_VierstimmigChoralbuch/Analysis-MusiCAU/A-MCAU_RE1755-023_SID046.mscx	False	41-74 (F2-D5)	Piano	65-74 (F4-D5)	Piano	41-55 (F2-G3)
A-MCAU_RE1755-024_SID088	1: 4/4	1: -2	10	10	40.0	15	15	60.0	76.0	68	37	0	0	0	Rein, Johann Balthasar	Ach mein Jesu! welch Verderben								2022-04-06	Microsoft Windows			Ach mein Jesu! welch Verderben	RE1755-024	Rein, Johann Balthasar	3.6.2	2.5.3	1755_VierstimmigChoralbuch/Analysis-MusiCAU	1755_VierstimmigChoralbuch/Analysis-MusiCAU/A-MCAU_RE1755-024_SID088.mscx	False	38-77 (D2-F5)	Piano	66-77 (F#4-F5)	Piano	38-58 (D2-Bb3)
A-MCAU_RE1755-025	1: 3/4	1: 2	17	17	48.0	17	17	48.0	96.0	84	45	0	0	0	Rein, Johann Balthasar	Ach Liebster! Zeuch mich von der Erden								2022-06-21	Microsoft Windows			Ach Liebster! Zeuch mich von der Erden	RE1755-025	Rein, Johann Balthasar	3.6.2	2.5.3	1755_VierstimmigChoralbuch/Analysis-MusiCAU	1755_VierstimmigChoralbuch/Analysis-MusiCAU/A-MCAU_RE1755-025.mscx	False	38-74 (D2-D5)	Piano	62-74 (D4-D5)	Piano	38-50 (D2-D3)
A-MCAU_RE1755-026_SID026	1: 4/4	1: 1	13	13	52.0	18	18	72.0	90.0	85	47	0	0	0	Rein	"Ach! meine Seel kan ihre Ruh
"								2021-02-21	Microsoft Windows			"Ach! meine Seel kan ihre Ruh
"		Rein	3.6.2	2.5.3	1755_VierstimmigChoralbuch/Analysis-MusiCAU	1755_VierstimmigChoralbuch/Analysis-MusiCAU/A-MCAU_RE1755-026_SID026.mscx	False	43-74 (G2-D5)	Piano	62-74 (D4-D5)	Piano	43-55 (G2-G3)
A-MCAU_RE1755-027_SID089	1: 4/4	1: 1	9	9	36.0	14	14	56.0	68.0	62	33	0	0	0	Rein, Johann Balthasar	Ach mein Hertze; gieb dich drein								2021-11-30	Microsoft Windows			Ach mein Hertze; gieb dich drein		Rein, Johann Balthasar	3.6.2	2.5.3	1755_VierstimmigChoralbuch/Analysis-MusiCAU	1755_VierstimmigChoralbuch/Analysis-MusiCAU/A-MCAU_RE1755-027_SID089.mscx	False	43-76 (G2-E5)	Piano	67-76 (G4-E5)	Piano	43-57 (G2-A3)
A-MCAU_RE1755-028	1: 4/4	1: 0	22	22	88.0	22	22	88.0	156.0	154	81	0	0	0	Johann Balthasar Rein	Ach! möcht' ich meinen Jesum sehen								2023-07-24	Microsoft Windows			Ach! möcht' ich meinen Jesum sehen	RE1775-028	Johann Balthasar Rein	3.6.2	2.5.3	1755_VierstimmigChoralbuch/Analysis-MusiCAU	1755_VierstimmigChoralbuch/Analysis-MusiCAU/A-MCAU_RE1755-028.mscx	False	40-76 (E2-E5)	Piano	60-76 (C4-E5)	Piano	40-57 (E2-A3)
A-MCAU_RE1755-029_SID042	1: 4/4	1: 1	13	13	52.0	13	13	52.0	90.0	85	45	0	0	0	Rein	"Ach! traure nicht, mein Herz und Sinn
"								2021-03-10	Microsoft Windows			"Ach! traure nicht, mein Herz und Sinn
"		Rein	3.6.2	2.5.3	1755_VierstimmigChoralbuch/Analysis-MusiCAU	1755_VierstimmigChoralbuch/Analysis-MusiCAU/A-MCAU_RE1755-029_SID042.mscx	False	40-76 (E2-E5)	Piano	63-76 (D#4-E5)	Piano	40-59 (E2-B3)
A-MCAU_RE1755-030	1: 3/4	1: 1	12	12	36.0	12	12	36.0	72.0	73	40	0	0	0	Rein, Johann Balthasar	Ach treib aus meiner Seel								2022-07-28	Microsoft Windows			Ach treib aus meiner Seel	RE1755-030	Rein, Johann Balthasar	3.6.2	2.5.3	1755_VierstimmigChoralbuch/Analysis-MusiCAU	1755_VierstimmigChoralbuch/Analysis-MusiCAU/A-MCAU_RE1755-030.mscx	False	40-76 (E2-E5)	Piano	64-76 (E4-E5)	Piano	40-59 (E2-B3)
A-MCAU_RE1755-031_SID017	1: 4/4	1: 0	15	15	60.0	20	20	80.0	108.0	101	54	0	0	0	Rein	"Ach weh! ach weh! wo soll ich hin
"								2021-02-21	Microsoft Windows			"Ach weh! ach weh! wo soll ich hin
"		Rein	3.6.2	2.5.3	1755_VierstimmigChoralbuch/Analysis-MusiCAU	1755_VierstimmigChoralbuch/Analysis-MusiCAU/A-MCAU_RE1755-031_SID017.mscx	False	43-76 (G2-E5)	Piano	62-76 (D4-E5)	Piano	43-55 (G2-G3)
A-MCAU_RE1755-032_SID091	1: 4/4	1: 1	12	12	48.0	16	16	64.0	96.0	98	53	0	0	0	Rein, Johann Balthasar	Ach! wenn kömmet doch die Stunde								2022-04-06	Microsoft Windows			Ach! wenn kömmet doch die Stunde		Rein, Johann Balthasar	3.6.2	2.5.3	1755_VierstimmigChoralbuch/Analysis-MusiCAU	1755_VierstimmigChoralbuch/Analysis-MusiCAU/A-MCAU_RE1755-032_SID091.mscx	False	43-76 (G2-E5)	Piano	67-76 (G4-E5)	Piano	43-57 (G2-A3)
A-MCAU_RE1755-033_SID025	1: 4/4	1: 2	13	13	52.0	18	18	72.0	94.0	89	47	0	0	0	Rein	"Ach! wie elend ist unser Zeit
"								2021-02-21	Microsoft Windows			"Ach! wie elend ist unser Zeit
"		Rein	3.6.2	2.5.3	1755_VierstimmigChoralbuch/Analysis-MusiCAU	1755_VierstimmigChoralbuch/Analysis-MusiCAU/A-MCAU_RE1755-033_SID025.mscx	False	43-74 (G2-D5)	Piano	62-74 (D4-D5)	Piano	43-55 (G2-G3)
A-MCAU_RE1755-034	1: 4/4	1: -2	10	10	40.0	10	10	40.0	80.0	77	39	0	0	0	Rein, Johann Balthasar	Ach wie köstlich! ach wie tröstlich!								2022-06-22	Microsoft Windows			Ach wie köstlich! ach wie tröstlich!	RE1755-034	Rein, Johann Balthasar	3.6.2	2.5.3	1755_VierstimmigChoralbuch/Analysis-MusiCAU	1755_VierstimmigChoralbuch/Analysis-MusiCAU/A-MCAU_RE1755-034.mscx	False	41-75 (F2-Eb5)	Piano	67-75 (G4-Eb5)	Piano	41-58 (F2-Bb3)
A-MCAU_RE1755-035_SID081	1: 4/4	1: 2	16	16	64.0	24	24	96.0	118.0	106	59	0	0	0	Rein, Johann Balthasar	Ach wunder-großer Sieges-Held								2021-04-07	Microsoft Windows			Ach wunder-großer Sieges-Held		Rein, Johann Balthasar	3.6.2	2.5.3	1755_VierstimmigChoralbuch/Analysis-MusiCAU	1755_VierstimmigChoralbuch/Analysis-MusiCAU/A-MCAU_RE1755-035_SID081.mscx	False	40-74 (E2-D5)	Piano	62-74 (D4-D5)	Piano	40-57 (E2-A3)
A-MCAU_RE1755-036_SID086	1: 4/4	1: 1	14	14	56.0	14	14	56.0	100.0	89	49	0	0	0	Rein, Johann Balthasar	Ade, du süße Welt								2021-04-07	Microsoft Windows			Ade, du süße Welt		Rein, Johann Balthasar	3.6.2	2.5.3	1755_VierstimmigChoralbuch/Analysis-MusiCAU	1755_VierstimmigChoralbuch/Analysis-MusiCAU/A-MCAU_RE1755-036_SID086.mscx	False	40-74 (E2-D5)	Piano	64-74 (E4-D5)	Piano	40-55 (E2-G3)
A-MCAU_RE1755-037_SID004	1: 3/4	1: 1	21	20	61.0	21	20	61.0	120.0	97	55	0	0	0	Rein	Allein Gott in der Höh sey Ehr								2021-02-11	Microsoft Windows			Allein Gott in der Höh sey Ehr		Rein	3.6.2	2.5.3	1755_VierstimmigChoralbuch/Analysis-MusiCAU	1755_VierstimmigChoralbuch/Analysis-MusiCAU/A-MCAU_RE1755-037_SID004.mscx	False	43-74 (G2-D5)	Piano	67-74 (G4-D5)	Piano	43-57 (G2-A3)
A-MCAU_RE1755-038_SID005	1: 4/4	1: -2	18	18	72.0	24	24	96.0	128.0	122	66	0	0	0	Rein	"Allein zu dir Herr Jesu Christ
"								2021-02-21	Microsoft Windows			"Allein zu dir Herr Jesu Christ
"		Rein	3.6.2	2.5.3	1755_VierstimmigChoralbuch/Analysis-MusiCAU	1755_VierstimmigChoralbuch/Analysis-MusiCAU/A-MCAU_RE1755-038_SID005.mscx	False	42-75 (F#2-Eb5)	Piano	62-75 (D4-Eb5)	Piano	42-55 (F#2-G3)
A-MCAU_RE1755-039	1: 4/4	1: 1	9	9	36.0	9	9	36.0	72.0	63	33	0	0	0	Rein, Johann Balthasar	Allenthalben, wo ich gehe								2022-06-22	Microsoft Windows			Allenthalben, wo ich gehe	RE1755-039	Rein, Johann Balthasar	3.6.2	2.5.3	1755_VierstimmigChoralbuch/Analysis-MusiCAU	1755_VierstimmigChoralbuch/Analysis-MusiCAU/A-MCAU_RE1755-039.mscx	False	40-74 (E2-D5)	Piano	64-74 (E4-D5)	Piano	40-55 (E2-G3)
A-MCAU_RE1755-040_SID003	1: 4/4	1: 1	12	12	48.0	12	12	48.0	96.0	93	48	0	0	0	Rein	RE1755-40_Alles was wir Gott gegeben								2021-02-11	Microsoft Windows			Alles was wir Gott gegeben		Rein	3.6.2	2.5.3	1755_VierstimmigChoralbuch/Analysis-MusiCAU	1755_VierstimmigChoralbuch/Analysis-MusiCAU/A-MCAU_RE1755-040_SID003.mscx	False	38-76 (D2-E5)	Piano	64-76 (E4-E5)	Piano	38-59 (D2-B3)
A-MCAU_RE1755-041_SID028	1: 4/4	1: 0	19	19	76.0	25	25	100.0	130.0	124	67	0	0	0	Rein	"Allwißender vollkommner Geist
"								2021-02-21	Microsoft Windows			"Allwißender vollkommner Geist
"		Rein	3.6.2	2.5.3	1755_VierstimmigChoralbuch/Analysis-MusiCAU	1755_VierstimmigChoralbuch/Analysis-MusiCAU/A-MCAU_RE1755-041_SID028.mscx	False	36-76 (C2-E5)	Piano	60-76 (C4-E5)	Piano	36-57 (C2-A3)
A-MCAU_RE1755-042_SID066	1: 3/4	1: -2	28	28	84.0	28	28	84.0	168.0	108	58	0	0	0	Rein, Johann Balthasar	Als Christus gebohren war								2021-04-07	Microsoft Windows			Als Christus gebohren war		Rein, Johann Balthasar	3.6.2	2.5.3	1755_VierstimmigChoralbuch/Analysis-MusiCAU	1755_VierstimmigChoralbuch/Analysis-MusiCAU/A-MCAU_RE1755-042_SID066.mscx	False	38-77 (D2-F5)	Piano	65-77 (F4-F5)	Piano	38-58 (D2-Bb3)
A-MCAU_RE1755-043_SID023	1: 4/4	1: -1	15	15	60.0	20	20	80.0	104.0	92	47	0	0	0	Rein	"Also hat Gott die Welt geliebt
"								2021-02-21	Microsoft Windows			"Also hat Gott die Welt geliebt
"		Rein	3.6.2	2.5.3	1755_VierstimmigChoralbuch/Analysis-MusiCAU	1755_VierstimmigChoralbuch/Analysis-MusiCAU/A-MCAU_RE1755-043_SID023.mscx	False	41-77 (F2-F5)	Piano	64-77 (E4-F5)	Piano	41-57 (F2-A3)
A-MCAU_RE1755-044_SID072	1: 4/4	1: 0	14	14	56.0	19	19	76.0	96.0	88	49	0	0	0	Rein, Johann Balthasar	Auf! auf! ihr Reichs-Genoßen								2021-04-08	Microsoft Windows			Auf! auf! ihr Reichs-Genoßen		Rein, Johann Balthasar	3.6.2	2.5.3	1755_VierstimmigChoralbuch/Analysis-MusiCAU	1755_VierstimmigChoralbuch/Analysis-MusiCAU/A-MCAU_RE1755-044_SID072.mscx	False	43-76 (G2-E5)	Piano	64-76 (E4-E5)	Piano	43-57 (G2-A3)
A-MCAU_RE1755-045	1: 3/4	1: 0	33	33	93.0	45	45	126.0	186.0	152	83	0	0	0	Rein, Johann Balthasar	Auf! auf! mein Geist auf!								2022-07-29	Microsoft Windows			Auf! auf! mein Geist auf!	RE1755-045	Rein, Johann Balthasar	3.6.2	2.5.3	1755_VierstimmigChoralbuch/Analysis-MusiCAU	1755_VierstimmigChoralbuch/Analysis-MusiCAU/A-MCAU_RE1755-045.mscx	False	38-76 (D2-E5)	Piano	60-76 (C4-E5)	Piano	38-55 (D2-G3)
A-MCAU_RE1755-046_SID059	1: 4/4	1: -3	13	13	52.0	21	21	84.0	90.0	81	42	0	0	0	Rein, Johann Balthasar	Auf! auf! mein Geist, ermuntre dich								2021-04-08	Microsoft Windows			Auf! auf! mein Geist, ermuntre dich		Rein, Johann Balthasar	3.6.2	2.5.3	1755_VierstimmigChoralbuch/Analysis-MusiCAU	1755_VierstimmigChoralbuch/Analysis-MusiCAU/A-MCAU_RE1755-046_SID059.mscx	False	41-75 (F2-Eb5)	Piano	63-75 (Eb4-Eb5)	Piano	41-56 (F2-Ab3)
A-MCAU_RE1755-047_SID008	1: 4/4	1: 2	14	14	56.0	19	19	76.0	96.0	82	44	0	0	0	Rein	Auf! auf! mein Geist, zu loben								2021-02-11	Microsoft Windows			Auf! auf! mein Geist, zu loben		Rein	3.6.2	2.5.3	1755_VierstimmigChoralbuch/Analysis-MusiCAU	1755_VierstimmigChoralbuch/Analysis-MusiCAU/A-MCAU_RE1755-047_SID008.mscx	False	43-76 (G2-E5)	Piano	64-76 (E4-E5)	Piano	43-57 (G2-A3)
A-MCAU_RE1755-048	1: 3/4	1: -1	19	19	57.0	26	26	78.0	114.0	82	44	0	0	0	Rein, Johann Balthasar	Auf! auf! mein Werk mit Freuden								2022-06-21	Microsoft Windows			Auf! auf! mein Hertz mit Freuden	RE1755-048	Rein, Johann Balthasar	3.6.2	2.5.3	1755_VierstimmigChoralbuch/Analysis-MusiCAU	1755_VierstimmigChoralbuch/Analysis-MusiCAU/A-MCAU_RE1755-048.mscx	False	41-77 (F2-F5)	Piano	65-77 (F4-F5)	Piano	41-57 (F2-A3)
A-MCAU_RE1755-049	1: 4/4	1: -1	15	15	60.0	15	15	60.0	116.0	114	61	0	0	0	Rein, Johann Balthasar	Auf! auf! weil der Tag erschienen								2022-07-29	Microsoft Windows			Auf! auf! weil der Tag erschienen	RE1755-049	Rein, Johann Balthasar	3.6.2	2.5.3	1755_VierstimmigChoralbuch/Analysis-MusiCAU	1755_VierstimmigChoralbuch/Analysis-MusiCAU/A-MCAU_RE1755-049.mscx	False	36-77 (C2-F5)	Piano	62-77 (D4-F5)	Piano	36-58 (C2-Bb3)
A-MCAU_RE1755-050	1: 4/4	1: 2	11	11	44.0	15	15	60.0	84.0	81	41	0	0	0	Rein, Johann Balthasar	Auf! hinauf zu deiner Freude								2022-07-29	Microsoft Windows			Auf! hinauf zu deiner Freude	RE1755-050	Rein, Johann Balthasar	3.6.2	2.5.3	1755_VierstimmigChoralbuch/Analysis-MusiCAU	1755_VierstimmigChoralbuch/Analysis-MusiCAU/A-MCAU_RE1755-050.mscx	False	38-74 (D2-D5)	Piano	62-74 (D4-D5)	Piano	38-57 (D2-A3)
A-MCAU_RE1755-051_SID032	1: 4/4	1: 1	9	9	36.0	14	14	56.0	68.0	61	32	0	0	0	Rein	"Fried und Freyheit ist die Krone
"								2021-02-24	Microsoft Windows			"Fried und Freyheit ist die Krone
"		Rein	3.6.2	2.5.3	1755_VierstimmigChoralbuch/Analysis-MusiCAU	1755_VierstimmigChoralbuch/Analysis-MusiCAU/A-MCAU_RE1755-051_SID032.mscx	False	42-74 (F#2-D5)	Piano	62-74 (D4-D5)	Piano	42-55 (F#2-G3)
A-MCAU_RE1755-052_SID073	1: 4/4	1: 0	19	19	76.0	27	27	108.0	138.0	116	60	0	0	0	Rein, Johann Balthasar	Auf! ihr Christen laßt uns singen								2021-04-08	Microsoft Windows			Auf! ihr Christen laßt uns singen		Rein, Johann Balthasar	3.6.2	2.5.3	1755_VierstimmigChoralbuch/Analysis-MusiCAU	1755_VierstimmigChoralbuch/Analysis-MusiCAU/A-MCAU_RE1755-052_SID073.mscx	False	36-76 (C2-E5)	Piano	60-76 (C4-E5)	Piano	36-57 (C2-A3)
A-MCAU_RE1755-053_SID076	1: 4/4	1: -2	7	7	28.0	7	7	28.0	48.0	45	23	0	0	0	Rein, Johann Balthasar	Auf! laßet uns den Herren frölich singen								2021-04-08	Microsoft Windows			Auf! laßet uns den Herren frölich singen		Rein, Johann Balthasar	3.6.2	2.5.3	1755_VierstimmigChoralbuch/Analysis-MusiCAU	1755_VierstimmigChoralbuch/Analysis-MusiCAU/A-MCAU_RE1755-053_SID076.mscx	False	38-74 (D2-D5)	Piano	67-74 (G4-D5)	Piano	38-55 (D2-G3)
A-MCAU_RE1755-054	1: 4/4	1: -2	13	13	52.0	13	13	52.0	92.0	83	45	0	0	0	Rein, Johann Balthasar	Auf! lobt den Herrn und danckt								2022-07-29	Microsoft Windows			Auf! lobt den Herrn und danckt	RE1755-054	Rein, Johann Balthasar	3.6.2	2.5.3	1755_VierstimmigChoralbuch/Analysis-MusiCAU	1755_VierstimmigChoralbuch/Analysis-MusiCAU/A-MCAU_RE1755-054.mscx	False	41-74 (F2-D5)	Piano	65-74 (F4-D5)	Piano	41-58 (F2-Bb3)
A-MCAU_RE1755-055_SID065	1: 4/4	1: -3	15	15	60.0	20	20	80.0	116.0	107	59	0	0	0	Rein, Johann Balthasar	Auf! mein Herz, wach auf und singe								2021-04-08	Microsoft Windows			Auf! mein Herz, wach auf und singe		Rein, Johann Balthasar	3.6.2	2.5.3	1755_VierstimmigChoralbuch/Analysis-MusiCAU	1755_VierstimmigChoralbuch/Analysis-MusiCAU/A-MCAU_RE1755-055_SID065.mscx	False	43-75 (G2-Eb5)	Piano	63-75 (Eb4-Eb5)	Piano	43-58 (G2-Bb3)
A-MCAU_RE1755-056_SID054	1: 4/4	1: 1	13	13	52.0	18	18	72.0	90.0	82	42	0	0	0	Rein	"Auf! Seele, Jesus, Gottes-Lamm
"								2021-03-15	Microsoft Windows			"Auf! Seele, Jesus, Gottes-Lamm
"		Rein	3.6.2	2.5.3	1755_VierstimmigChoralbuch/Analysis-MusiCAU	1755_VierstimmigChoralbuch/Analysis-MusiCAU/A-MCAU_RE1755-056_SID054.mscx	False	42-76 (F#2-E5)	Piano	62-76 (D4-E5)	Piano	42-57 (F#2-A3)
A-MCAU_RE1755-057	1: 4/4	1: -1	17	17	68.0	23	23	92.0	120.0	116	60	0	0	0	Rein, Johann Balthasar	Auf! Zion, auf, umgürte deine								2022-07-29	Microsoft Windows			Auf! Zion, auf, umgürte deine	RE1755-057	Rein, Johann Balthasar	3.6.2	2.5.3	1755_VierstimmigChoralbuch/Analysis-MusiCAU	1755_VierstimmigChoralbuch/Analysis-MusiCAU/A-MCAU_RE1755-057.mscx	False	36-76 (C2-E5)	Piano	62-76 (D4-E5)	Piano	36-57 (C2-A3)
A-MCAU_RE1755-058_SID006	1: 4/4	1: -1	14	14	56.0	19	19	76.0	96.0	91	50	0	0	0	Rein	"Aus meines Hertzens-Grunde
"								2021-02-24	Microsoft Windows			"Aus meines Hertzens-Grunde
"		Rein	3.6.2	2.5.3	1755_VierstimmigChoralbuch/Analysis-MusiCAU	1755_VierstimmigChoralbuch/Analysis-MusiCAU/A-MCAU_RE1755-058_SID006.mscx	False	36-72 (C2-C5)	Piano	64-72 (E4-C5)	Piano	36-53 (C2-F3)
A-MCAU_RE1755-059_SID007	1: 4/4	1: 1	13	13	52.0	18	18	72.0	90.0	86	45	0	0	0	Rein	"Aus tiefer Noth schrey ich zu dir
"								2021-02-24	Microsoft Windows			"Aus tiefer Noth schrey ich zu dir
"		Rein	3.6.2	2.5.3	1755_VierstimmigChoralbuch/Analysis-MusiCAU	1755_VierstimmigChoralbuch/Analysis-MusiCAU/A-MCAU_RE1755-059_SID007.mscx	False	38-74 (D2-D5)	Piano	62-74 (D4-D5)	Piano	38-55 (D2-G3)
A-MCAU_RE1755-060	1: 4/4	1: -2	18	18	72.0	18	18	72.0	132.0	132	69	0	0	0	Rein, Johann Balthasar	Beklemmtes Hertz, was wilt du lange Sorgen								2022-07-29	Microsoft Windows			Beklemmtes Hertz, was wilt du lange Sorgen	RE1755-060	Rein, Johann Balthasar	3.6.2	2.5.3	1755_VierstimmigChoralbuch/Analysis-MusiCAU	1755_VierstimmigChoralbuch/Analysis-MusiCAU/A-MCAU_RE1755-060.mscx	False	38-75 (D2-Eb5)	Piano	62-75 (D4-Eb5)	Piano	38-58 (D2-Bb3)
A-MCAU_RE1755-061	1: 4/4	1: 1	17	17	68.0	23	23	92.0	116.0	108	58	0	0	0	Rein, Johann Balthasar	Beschwertes Hertz, leg ab die Sorgen								2022-07-29	Microsoft Windows			Beschwertes Hertz, leg ab die Sorgen	RE1755-061	Rein, Johann Balthasar	3.6.2	2.5.3	1755_VierstimmigChoralbuch/Analysis-MusiCAU	1755_VierstimmigChoralbuch/Analysis-MusiCAU/A-MCAU_RE1755-061.mscx	False	38-76 (D2-E5)	Piano	62-76 (D4-E5)	Piano	38-57 (D2-A3)
A-MCAU_RE1755-062	1: 4/4	1: -1	13	13	52.0	13	13	52.0	96.0	88	46	0	0	0	Rein, Johann Balthasar	Bin ich allein ein Fremdling								2022-07-29	Microsoft Windows			Bin ich allein ein Fremdling	RE1755-062	Rein, Johann Balthasar	3.6.2	2.5.3	1755_VierstimmigChoralbuch/Analysis-MusiCAU	1755_VierstimmigChoralbuch/Analysis-MusiCAU/A-MCAU_RE1755-062.mscx	False	40-76 (E2-E5)	Piano	62-76 (D4-E5)	Piano	40-57 (E2-A3)
A-MCAU_RE1755-063_SID024	1: 3/4	1: -1	18	18	54.0	18	18	54.0	108.0	85	48	0	0	0	Rein	"Bist du nicht, Jesus, Gottes Sohn
"								2021-02-24	Microsoft Windows			"Bist du nicht, Jesus, Gottes Sohn
"		Rein	3.6.2	2.5.3	1755_VierstimmigChoralbuch/Analysis-MusiCAU	1755_VierstimmigChoralbuch/Analysis-MusiCAU/A-MCAU_RE1755-063_SID024.mscx	False	38-74 (D2-D5)	Piano	60-74 (C4-D5)	Piano	38-55 (D2-G3)
A-MCAU_RE1755-064_SID068	1: 4/4	1: 2	10	10	40.0	14	14	56.0	80.0	69	38	0	0	0	Rein, Johann Balthasar	Blicke meine Seele an								2021-04-08	Microsoft Windows			Blicke meine Seele an		Rein, Johann Balthasar	3.6.2	2.5.3	1755_VierstimmigChoralbuch/Analysis-MusiCAU	1755_VierstimmigChoralbuch/Analysis-MusiCAU/A-MCAU_RE1755-064_SID068.mscx	False	43-74 (G2-D5)	Piano	62-74 (D4-D5)	Piano	43-55 (G2-G3)
A-MCAU_RE1755-065	1: 4/4	1: -2	11	11	44.0	17	17	68.0	84.0	73	38	0	0	0	Rein, Johann Balthasar	Brunnquell aller Güter								2022-07-29	Microsoft Windows			Brunnquell aller Güter	RE1755-065	Rein, Johann Balthasar	3.6.2	2.5.3	1755_VierstimmigChoralbuch/Analysis-MusiCAU	1755_VierstimmigChoralbuch/Analysis-MusiCAU/A-MCAU_RE1755-065.mscx	False	41-77 (F2-F5)	Piano	66-77 (F#4-F5)	Piano	41-58 (F2-Bb3)
A-MCAU_RE1755-066_SID090	1: 4/4	1: -2	10	10	40.0	10	10	40.0	72.0	74	39	0	0	0	Rein, Johann Balthasar	Christe, der du bist Tag und Licht								2022-04-06	Microsoft Windows			Christe, der du bist Tag und Licht		Rein, Johann Balthasar	3.6.2	2.5.3	1755_VierstimmigChoralbuch/Analysis-MusiCAU	1755_VierstimmigChoralbuch/Analysis-MusiCAU/A-MCAU_RE1755-066_SID090.mscx	False	43-72 (G2-C5)	Piano	65-72 (F4-C5)	Piano	43-55 (G2-G3)
A-MCAU_RE1755-067	1: 3/4	1: 1	13	13	39.0	18	18	54.0	78.0	63	35	0	0	0	Rein, Johann Balthasar	Christe, mein Leben, mein Hoffen								2022-07-29	Microsoft Windows			Christe, mein Leben, mein Hoffen	RE1755-067	Rein, Johann Balthasar	3.6.2	2.5.3	1755_VierstimmigChoralbuch/Analysis-MusiCAU	1755_VierstimmigChoralbuch/Analysis-MusiCAU/A-MCAU_RE1755-067.mscx	False	38-76 (D2-E5)	Piano	62-76 (D4-E5)	Piano	38-55 (D2-G3)
A-MCAU_RE1755-068	1: 3/4	1: 2	16	16	47.0	24	24	71.0	94.0	86	45	0	0	0	Rein, Johann Balthasar	Schönster Immanuel, Hertzog der								2022-07-29	Microsoft Windows			Schönster Immanuel, Hertzog der	RE1755-068	Rein, Johann Balthasar	3.6.2	2.5.3	1755_VierstimmigChoralbuch/Analysis-MusiCAU	1755_VierstimmigChoralbuch/Analysis-MusiCAU/A-MCAU_RE1755-068.mscx	False	38-74 (D2-D5)	Piano	62-74 (D4-D5)	Piano	38-59 (D2-B3)
A-MCAU_RE1755-069_SID014	1: 4/4	1: -2	16	16	64.0	16	16	64.0	128.0	114	58	0	0	0	Rein	"Christus der uns selig macht
"								2021-02-24	Microsoft Windows			"Christus der uns selig macht
"		Rein	3.6.2	2.5.3	1755_VierstimmigChoralbuch/Analysis-MusiCAU	1755_VierstimmigChoralbuch/Analysis-MusiCAU/A-MCAU_RE1755-069_SID014.mscx	False	41-74 (F2-D5)	Piano	62-74 (D4-D5)	Piano	41-58 (F2-Bb3)
A-MCAU_RE1755-070_SID009	1: 4/4	1: -1	11	11	44.0	11	11	44.0	78.0	69	37	0	0	0	Rein	"Christ fuhr gen Himmel, was
"								2021-02-24	Microsoft Windows			"Christ fuhr gen Himmel, was
"		Rein	3.6.2	2.5.3	1755_VierstimmigChoralbuch/Analysis-MusiCAU	1755_VierstimmigChoralbuch/Analysis-MusiCAU/A-MCAU_RE1755-070_SID009.mscx	False	41-72 (F2-C5)	Piano	60-72 (C4-C5)	Piano	41-53 (F2-F3)
A-MCAU_RE1755-071_SID010	1: 4/4	1: -1	10	10	40.0	10	10	40.0	76.0	69	38	0	0	0	Rein	"Christ ist erstanden, von der
"								2021-02-24	Microsoft Windows			"Christ ist erstanden, von der
"		Rein	3.6.2	2.5.3	1755_VierstimmigChoralbuch/Analysis-MusiCAU	1755_VierstimmigChoralbuch/Analysis-MusiCAU/A-MCAU_RE1755-071_SID010.mscx	False	41-72 (F2-C5)	Piano	60-72 (C4-C5)	Piano	41-53 (F2-F3)
A-MCAU_RE1755-072_SID013	1: 4/4	1: -3	9	9	36.0	9	9	36.0	64.0	54	28	0	0	0	Rein	Christus der ist mein Leben								2021-01-28	Microsoft Windows			Christus der ist mein Leben		Rein	3.6.2	2.5.3	1755_VierstimmigChoralbuch/Analysis-MusiCAU	1755_VierstimmigChoralbuch/Analysis-MusiCAU/A-MCAU_RE1755-072_SID013.mscx	False	41-75 (F2-Eb5)	Piano	63-75 (Eb4-Eb5)	Piano	41-53 (F2-F3)
A-MCAU_RE1755-073	1: 4/4	1: -1	13	13	52.0	19	19	76.0	90.0	85	43	0	0	0	Rein, Johann Balthasar	Das Jesulein kan keine Herberg finden								2022-07-29	Microsoft Windows			Das Jesulein kan keine Herberg finden	RE1755-073	Rein, Johann Balthasar	3.6.2	2.5.3	1755_VierstimmigChoralbuch/Analysis-MusiCAU	1755_VierstimmigChoralbuch/Analysis-MusiCAU/A-MCAU_RE1755-073.mscx	False	41-76 (F2-E5)	Piano	65-76 (F4-E5)	Piano	41-57 (F2-A3)
A-MCAU_RE1755-074	1: 4/4	1: 1	25	25	100.0	25	25	100.0	176.0	166	85	0	0	0	Rein, Johann Balthasar	Das ist ein theures Wort, daß Jesus								2022-07-29	Microsoft Windows			Das ist ein theures Wort, daß Jesus	RE1755-074	Rein, Johann Balthasar	3.6.2	2.5.3	1755_VierstimmigChoralbuch/Analysis-MusiCAU	1755_VierstimmigChoralbuch/Analysis-MusiCAU/A-MCAU_RE1755-074.mscx	False	38-76 (D2-E5)	Piano	62-76 (D4-E5)	Piano	38-60 (D2-C4)
A-MCAU_RE1755-075_SID018	1: 4/4	1: 2	15	15	60.0	20	20	80.0	108.0	103	53	0	0	0	Rein	"Das ist mir lieb, daß Gott mein Hort
"								2021-02-24	Microsoft Windows			"Das ist mir lieb, daß Gott mein Hort
"		Rein	3.6.2	2.5.3	1755_VierstimmigChoralbuch/Analysis-MusiCAU	1755_VierstimmigChoralbuch/Analysis-MusiCAU/A-MCAU_RE1755-075_SID018.mscx	False	40-74 (E2-D5)	Piano	62-74 (D4-D5)	Piano	40-55 (E2-G3)
A-MCAU_RE1755-076_SID082	1: 4/4	1: 3	22	22	88.0	28	28	112.0	152.0	148	78	0	0	0	Rein, Johann Balthasar	Dein Mittler kommt, auf blöde								2021-04-08	Microsoft Windows			Dein Mittler kommt, auf blöde		Rein, Johann Balthasar	3.6.2	2.5.3	1755_VierstimmigChoralbuch/Analysis-MusiCAU	1755_VierstimmigChoralbuch/Analysis-MusiCAU/A-MCAU_RE1755-076_SID082.mscx	False	40-76 (E2-E5)	Piano	61-76 (C#4-E5)	Piano	40-57 (E2-A3)
A-MCAU_RE1755-077_SID092	1: 4/4	1: 1	10	10	40.0	10	10	40.0	72.0	62	34	0	0	0	Rein, Johann Balthasar	Nun laßt uns Gott dem								2022-04-06	Microsoft Windows			Nun laßt uns Gott dem		Rein, Johann Balthasar	3.6.2	2.5.3	1755_VierstimmigChoralbuch/Analysis-MusiCAU	1755_VierstimmigChoralbuch/Analysis-MusiCAU/A-MCAU_RE1755-077_SID092.mscx	False	38-72 (D2-C5)	Piano	62-72 (D4-C5)	Piano	38-55 (D2-G3)
A-MCAU_RE1755-078	1: 4/4	1: 2	19	19	76.0	19	19	76.0	140.0	133	70	0	0	0	Rein, Johann Balthasar	Der du bist A und O Anfang								2022-07-29	Microsoft Windows			Der du bist A und O Anfang	RE1755-078	Rein, Johann Balthasar	3.6.2	2.5.3	1755_VierstimmigChoralbuch/Analysis-MusiCAU	1755_VierstimmigChoralbuch/Analysis-MusiCAU/A-MCAU_RE1755-078.mscx	False	38-76 (D2-E5)	Piano	62-76 (D4-E5)	Piano	38-57 (D2-A3)
A-MCAU_RE1755-079	1: 4/4	1: 3	14	14	56.0	19	19	76.0	100.0	91	49	0	0	0	Rein, Johann Balthasar	Der lieben Sonnen Licht und								2022-07-29	Microsoft Windows			Der lieben Sonnen Licht und	RE1755-079	Rein, Johann Balthasar	3.6.2	2.5.3	1755_VierstimmigChoralbuch/Analysis-MusiCAU	1755_VierstimmigChoralbuch/Analysis-MusiCAU/A-MCAU_RE1755-079.mscx	False	45-76 (A2-E5)	Piano	64-76 (E4-E5)	Piano	45-57 (A2-A3)
A-MCAU_RE1755-080	1: 4/4	1: 1	15	15	60.0	20	20	80.0	100.0	90	48	0	0	0	Rein, Johann Balthasar	Der Tag hat sich geneigt								2022-07-29	Microsoft Windows			Der Tag hat sich geneigt	RE1755-080	Rein, Johann Balthasar	3.6.2	2.5.3	1755_VierstimmigChoralbuch/Analysis-MusiCAU	1755_VierstimmigChoralbuch/Analysis-MusiCAU/A-MCAU_RE1755-080.mscx	False	38-74 (D2-D5)	Piano	62-74 (D4-D5)	Piano	38-59 (D2-B3)
A-MCAU_RE1755-081_SID062	1: 4/4	1: 1	10	10	40.0	10	10	40.0	70.0	61	33	0	0	0	Rein, Johann Balthasar	Der Tag ist hin: mein Geist								2021-04-08	Microsoft Windows			Der Tag ist hin: mein Geist		Rein, Johann Balthasar	3.6.2	2.5.3	1755_VierstimmigChoralbuch/Analysis-MusiCAU	1755_VierstimmigChoralbuch/Analysis-MusiCAU/A-MCAU_RE1755-081_SID062.mscx	False	40-72 (E2-C5)	Piano	63-72 (D#4-C5)	Piano	40-52 (E2-E3)
A-MCAU_RE1755-082_SID015	1: 4/4	1: 1	15	15	60.0	20	20	80.0	108.0	107	55	0	0	0	Rein	"Der Weg, den Christus selbst gegangen
"								2021-02-24	Microsoft Windows			"Der Weg, den Christus selbst gegangen
"		Rein	3.6.2	2.5.3	1755_VierstimmigChoralbuch/Analysis-MusiCAU	1755_VierstimmigChoralbuch/Analysis-MusiCAU/A-MCAU_RE1755-082_SID015.mscx	False	43-76 (G2-E5)	Piano	62-76 (D4-E5)	Piano	43-57 (G2-A3)
A-MCAU_RE1755-083_SID079	1: 4/4	1: 1	10	10	40.0	10	10	40.0	72.0	71	38	0	0	0	Rein, Johann Balthasar	Die Liebe zeigt ohn Heucheley								2021-04-08	Microsoft Windows			Die Liebe zeigt ohn Heucheley		Rein, Johann Balthasar	3.6.2	2.5.3	1755_VierstimmigChoralbuch/Analysis-MusiCAU	1755_VierstimmigChoralbuch/Analysis-MusiCAU/A-MCAU_RE1755-083_SID079.mscx	False	42-74 (F#2-D5)	Piano	62-74 (D4-D5)	Piano	42-55 (F#2-G3)
A-MCAU_RE1755-084	1: 4/4	1: 2	9	9	36.0	14	14	56.0	60.0	54	30	0	0	0	Rein, Johann Balthasar	Die Macht ist vor der Thür								2022-07-29	Microsoft Windows			Die Macht ist vor der Thür	RE1755-084	Rein, Johann Balthasar	3.6.2	2.5.3	1755_VierstimmigChoralbuch/Analysis-MusiCAU	1755_VierstimmigChoralbuch/Analysis-MusiCAU/A-MCAU_RE1755-084.mscx	False	42-74 (F#2-D5)	Piano	62-74 (D4-D5)	Piano	42-57 (F#2-A3)
A-MCAU_RE1755-085_SID093	1: 4/4	1: -1	10	10	40.0	15	15	60.0	72.0	68	37	0	0	0	Rein, Johann Balthasar	Dies ist der Tag der Frölichkeit								2022-04-06	Microsoft Windows			Dies ist der Tag der Frölichkeit		Rein, Johann Balthasar	3.6.2	2.5.3	1755_VierstimmigChoralbuch/Analysis-MusiCAU	1755_VierstimmigChoralbuch/Analysis-MusiCAU/A-MCAU_RE1755-085_SID093.mscx	False	41-77 (F2-F5)	Piano	65-77 (F4-F5)	Piano	41-55 (F2-G3)
A-MCAU_RE1755-086_SID016	1: 4/4	1: 0	11	11	44.0	11	11	44.0	80.0	73	39	0	0	0	Rein	"Dies sind die heilgen zehn Gebot
"								2021-02-24	Microsoft Windows			"Dies sind die heilgen zehn Gebot
"		Rein	3.6.2	2.5.3	1755_VierstimmigChoralbuch/Analysis-MusiCAU	1755_VierstimmigChoralbuch/Analysis-MusiCAU/A-MCAU_RE1755-086_SID016.mscx	False	38-74 (D2-D5)	Piano	65-74 (F4-D5)	Piano	38-57 (D2-A3)
A-MCAU_RE1755-087_SID033	1: 4/4	1: 1	12	12	48.0	17	17	68.0	82.0	74	40	0	0	0	Rein	"Du bist ja ganz mein eigen
"								2021-03-03	Microsoft Windows			"Du bist ja ganz mein eigen
"		Rein	3.6.2	2.5.3	1755_VierstimmigChoralbuch/Analysis-MusiCAU	1755_VierstimmigChoralbuch/Analysis-MusiCAU/A-MCAU_RE1755-087_SID033.mscx	False	43-74 (G2-D5)	Piano	64-74 (E4-D5)	Piano	43-55 (G2-G3)
A-MCAU_RE1755-088	1: 3/4	1: -1	24	24	72.0	32	32	96.0	144.0	117	65	0	0	0	Rein, Johann Balthasar	Du bistr ja, Jesu, meine Freude								2022-07-29	Microsoft Windows			Du bistr ja, Jesu, meine Freude	RE1755-088	Rein, Johann Balthasar	3.6.2	2.5.3	1755_VierstimmigChoralbuch/Analysis-MusiCAU	1755_VierstimmigChoralbuch/Analysis-MusiCAU/A-MCAU_RE1755-088.mscx	False	41-77 (F2-F5)	Piano	65-77 (F4-F5)	Piano	41-58 (F2-Bb3)
A-MCAU_RE1755-089	1: 4/4	1: -1	10	10	40.0	15	15	60.0	68.0	62	32	0	0	0	Rein, Johann Balthasar	Du Friedens-Fürst, Herr Jesu								2022-07-29	Microsoft Windows			Du Friedens-Fürst, Herr Jesu	RE1755-089	Rein, Johann Balthasar	3.6.2	2.5.3	1755_VierstimmigChoralbuch/Analysis-MusiCAU	1755_VierstimmigChoralbuch/Analysis-MusiCAU/A-MCAU_RE1755-089.mscx	False	41-72 (F2-C5)	Piano	64-72 (E4-C5)	Piano	41-53 (F2-F3)
A-MCAU_RE1755-090	1: 4/4	1: -1	13	13	49.0	13	13	49.0	88.0	84	43	0	0	0	Rein, Johann Balthasar	Du Gesit des Herrn, der du von Gott								2022-07-29	Microsoft Windows			Du Gesit des Herrn, der du von Gott	RE1755-090	Rein, Johann Balthasar	3.6.2	2.5.3	1755_VierstimmigChoralbuch/Analysis-MusiCAU	1755_VierstimmigChoralbuch/Analysis-MusiCAU/A-MCAU_RE1755-090.mscx	False	41-74 (F2-D5)	Piano	62-74 (D4-D5)	Piano	41-57 (F2-A3)
A-MCAU_RE1755-091	1: 4/4	1: 1	16	16	61.0	16	16	61.0	112.0	105	55	0	0	0	Rein, Johann Balthasar	Du liebe Unschlud du								2022-07-29	Microsoft Windows			Du liebe Unschlud du	RE1755-091	Rein, Johann Balthasar	3.6.2	2.5.3	1755_VierstimmigChoralbuch/Analysis-MusiCAU	1755_VierstimmigChoralbuch/Analysis-MusiCAU/A-MCAU_RE1755-091.mscx	False	42-76 (F#2-E5)	Piano	62-76 (D4-E5)	Piano	42-57 (F#2-A3)
A-MCAU_RE1755-092	1: 4/4	1: 0	14	14	56.0	19	19	76.0	92.0	82	43	0	0	0	Rein, Johann Balthasar	Du, meine Seele, singe								2022-07-29	Microsoft Windows			Du, meine Seele, singe	RE1755-092	Rein, Johann Balthasar	3.6.2	2.5.3	1755_VierstimmigChoralbuch/Analysis-MusiCAU	1755_VierstimmigChoralbuch/Analysis-MusiCAU/A-MCAU_RE1755-092.mscx	False	41-76 (F2-E5)	Piano	60-76 (C4-E5)	Piano	41-55 (F2-G3)
A-MCAU_RE1755-093_SID067	1: 4/4	1: -1	16	16	64.0	20	20	80.0	128.0	121	62	0	0	0	Rein, Johann Balthasar	Ehr und Danck sey dir gesungen								2021-04-08	Microsoft Windows			Ehr und Danck sey dir gesungen		Rein, Johann Balthasar	3.6.2	2.5.3	1755_VierstimmigChoralbuch/Analysis-MusiCAU	1755_VierstimmigChoralbuch/Analysis-MusiCAU/A-MCAU_RE1755-093_SID067.mscx	False	40-77 (E2-F5)	Piano	62-77 (D4-F5)	Piano	40-57 (E2-A3)
A-MCAU_RE1755-094_SID019	1: 4/4	1: 1	19	19	76.0	24	24	96.0	140.0	132	70	0	0	0	Rein	"Ein Kindelein so löbelich
"								2021-02-24	Microsoft Windows			"Ein Kindelein so löbelich
"		Rein	3.6.2	2.5.3	1755_VierstimmigChoralbuch/Analysis-MusiCAU	1755_VierstimmigChoralbuch/Analysis-MusiCAU/A-MCAU_RE1755-094_SID019.mscx	False	42-76 (F#2-E5)	Piano	60-76 (C4-E5)	Piano	42-55 (F#2-G3)
A-MCAU_RE1755-095	1: 3/4	1: -2	16	15	45.0	16	15	45.0	90.0	63	33	0	0	0	Rein, Johann Balthasar	Ein Kind gebohrn zu Bethlehem								2022-06-22	Microsoft Windows			Ein Kind gebohrn zu Bethlehem	RE1755-095	Rein, Johann Balthasar	3.6.2	2.5.3	1755_VierstimmigChoralbuch/Analysis-MusiCAU	1755_VierstimmigChoralbuch/Analysis-MusiCAU/A-MCAU_RE1755-095.mscx	False	38-72 (D2-C5)	Piano	65-72 (F4-C5)	Piano	38-55 (D2-G3)
A-MCAU_RE1755-096_SID078	1: 4/4	1: 1	18	18	72.0	18	18	72.0	126.0	116	62	0	0	0	Rein, Johann Balthasar	Ein Würmlein bin ich arm und klein								2021-04-08	Microsoft Windows			Ein Würmlein bin ich arm und klein		Rein, Johann Balthasar	3.6.2	2.5.3	1755_VierstimmigChoralbuch/Analysis-MusiCAU	1755_VierstimmigChoralbuch/Analysis-MusiCAU/A-MCAU_RE1755-096_SID078.mscx	False	42-74 (F#2-D5)	Piano	62-74 (D4-D5)	Piano	42-57 (F#2-A3)
A-MCAU_RE1755-097_SID020	1: 4/4	1: -1	21	21	84.0	26	26	104.0	148.0	138	74	0	0	0	Rein	"Ein Lämmlein geht und trägt
"								2021-02-24	Microsoft Windows			"Ein Lämmlein geht und trägt
"		Rein	3.6.2	2.5.3	1755_VierstimmigChoralbuch/Analysis-MusiCAU	1755_VierstimmigChoralbuch/Analysis-MusiCAU/A-MCAU_RE1755-097_SID020.mscx	False	38-74 (D2-D5)	Piano	60-74 (C4-D5)	Piano	38-58 (D2-Bb3)
A-MCAU_RE1755-098	1: 4/4	1: -1	14	14	56.0	21	21	84.0	100.0	95	52	0	0	0	Rein, Johann Balthasar	Ein´s Christen Herz sehnt sich								2022-06-21	Microsoft Windows			Ein´s Christen Hertz sehnt sich	RE1755-098	Rein, Johann Balthasar	3.6.2	2.5.3	1755_VierstimmigChoralbuch/Analysis-MusiCAU	1755_VierstimmigChoralbuch/Analysis-MusiCAU/A-MCAU_RE1755-098.mscx	False	41-76 (F2-E5)	Piano	62-76 (D4-E5)	Piano	41-57 (F2-A3)
A-MCAU_RE1755-099	1: 4/4, 5: 3/4	1: -1	21	21	65.0	25	25	81.0	128.0	135	75	0	0	0	Rein, Johann Balthasar	Eins ist Noth! ach Herr!								2022-07-29	Microsoft Windows			Eins ist Noth! ach Herr!	RE1755-099	Rein, Johann Balthasar	3.6.2	2.5.3	1755_VierstimmigChoralbuch/Analysis-MusiCAU	1755_VierstimmigChoralbuch/Analysis-MusiCAU/A-MCAU_RE1755-099.mscx	False	36-77 (C2-F5)	Piano	65-77 (F4-F5)	Piano	36-60 (C2-C4)
A-MCAU_RE1755-100	1: 3/4	1: -1	26	25	72.0	40	38	111.0	144.0	116	62	0	0	0	Rein, Johann Balthasar	Entbinde mich mein Gott								2022-06-22	Microsoft Windows			Entbinde mich mein Gott	RE1755-100	Rein, Johann Balthasar	3.6.2	2.5.3	1755_VierstimmigChoralbuch/Analysis-MusiCAU	1755_VierstimmigChoralbuch/Analysis-MusiCAU/A-MCAU_RE1755-100.mscx	False	36-77 (C2-F5)	Piano	62-77 (D4-F5)	Piano	36-60 (C2-C4)
A-MCAU_RE1755-101	1: 4/4	1: 1	14	14	56.0	18	18	72.0	96.0	85	43	0	0	0	Rein, Johann Balthasar	Erhabne Majestät! an								2022-07-29	Microsoft Windows			Erhabne Majestät! an	RE1755-101	Rein, Johann Balthasar	3.6.2	2.5.3	1755_VierstimmigChoralbuch/Analysis-MusiCAU	1755_VierstimmigChoralbuch/Analysis-MusiCAU/A-MCAU_RE1755-101.mscx	False	43-74 (G2-D5)	Piano	62-74 (D4-D5)	Piano	43-59 (G2-B3)
A-MCAU_RE1755-102a_SID022	1: 4/4	1: -2	10	10	40.0	10	10	40.0	72.0	68	35	0	0	0	Rein	"Erhalt uns, Herr, bey deinem Wort
"								2021-02-24	Microsoft Windows			"Erhalt uns, Herr, bey deinem Wort [Melodie a]
"		Rein	3.6.2	2.5.3	1755_VierstimmigChoralbuch/Analysis-MusiCAU	1755_VierstimmigChoralbuch/Analysis-MusiCAU/A-MCAU_RE1755-102a_SID022.mscx	False	41-77 (F2-F5)	Piano	66-77 (F#4-F5)	Piano	41-58 (F2-Bb3)
A-MCAU_RE1755-102b_SID070	1: 4/4	1: -2	13	13	52.0	13	13	52.0	94.0	85	44	0	0	0	Rein	"Erhalt uns, Herr, bey deinem Wort
"								2021-02-24	Microsoft Windows			"Erhalt uns, Herr, bey deinem Wort [Melodie b]
"		Rein	3.6.2	2.5.3	1755_VierstimmigChoralbuch/Analysis-MusiCAU	1755_VierstimmigChoralbuch/Analysis-MusiCAU/A-MCAU_RE1755-102b_SID070.mscx	False	41-74 (F2-D5)	Piano	66-74 (F#4-D5)	Piano	41-58 (F2-Bb3)
A-MCAU_RE1755-103	1: 4/4	1: 1	15	15	60.0	15	15	60.0	102.0	96	50	0	0	0	Rein, Johann Balthasar	Erleuchte mich, Herr, mein Licht								2022-06-27	Microsoft Windows			Erleuchte mich, Herr, mein Licht	RE1755-103	Rein, Johann Balthasar	3.6.2	2.5.3	1755_VierstimmigChoralbuch/Analysis-MusiCAU	1755_VierstimmigChoralbuch/Analysis-MusiCAU/A-MCAU_RE1755-103.mscx	False	38-74 (D2-D5)	Piano	67-74 (G4-D5)	Piano	38-59 (D2-B3)
A-MCAU_RE1755-104_SID074	1: 4/4	1: 1	12	12	48.0	12	12	48.0	86.0	83	45	0	0	0	Rein, Johann Balthasar	Ermuntre dich, Herz, Muth und Sinn								2021-04-08	Microsoft Windows			Ermuntre dich, Herz, Muth und Sinn		Rein, Johann Balthasar	3.6.2	2.5.3	1755_VierstimmigChoralbuch/Analysis-MusiCAU	1755_VierstimmigChoralbuch/Analysis-MusiCAU/A-MCAU_RE1755-104_SID074.mscx	False	42-74 (F#2-D5)	Piano	67-74 (G4-D5)	Piano	42-57 (F#2-A3)
A-MCAU_RE1755-105	1: 4/4	1: 1	22	22	88.0	22	22	88.0	154.0	145	77	0	0	0	Rein, Johann Balthasar	Erwach, o Mensch, erwache 								2022-07-29	Microsoft Windows			Erwach, o Mensch, erwache 	RE1755-105	Rein, Johann Balthasar	3.6.2	2.5.3	1755_VierstimmigChoralbuch/Analysis-MusiCAU	1755_VierstimmigChoralbuch/Analysis-MusiCAU/A-MCAU_RE1755-105.mscx	False	40-74 (E2-D5)	Piano	62-74 (D4-D5)	Piano	40-57 (E2-A3)
A-MCAU_RE1755-106_SID027	1: 4/4	1: 1	13	13	52.0	18	18	72.0	90.0	84	46	0	0	0	Rein	"Es spricht der unweisen Mund
"								2021-02-24	Microsoft Windows			"Es spricht der unweisen Mund
"		Rein	3.6.2	2.5.3	1755_VierstimmigChoralbuch/Analysis-MusiCAU	1755_VierstimmigChoralbuch/Analysis-MusiCAU/A-MCAU_RE1755-106_SID027.mscx	False	42-74 (F#2-D5)	Piano	62-74 (D4-D5)	Piano	42-55 (F#2-G3)
A-MCAU_RE1755-107_SID055	1: 4/4	1: -2	8	8	32.0	8	8	32.0	64.0	59	30	0	0	0	Kittel	"Ew'ge Weißheit, Jesu Christ
"								2021-03-15	Microsoft Windows			"Ew'ge Weißheit, Jesu Christ
"		Rein	3.6.2	2.5.3	1755_VierstimmigChoralbuch/Analysis-MusiCAU	1755_VierstimmigChoralbuch/Analysis-MusiCAU/A-MCAU_RE1755-107_SID055.mscx	False	38-74 (D2-D5)	Piano	65-74 (F4-D5)	Piano	38-55 (D2-G3)
A-MCAU_RE1755-108	1: 4/4	1: 0	15	15	60.0	15	15	60.0	116.0	113	62	0	0	0	Rein, Johann Balthasar	Fahre fort, fahre fort, Zion								2022-08-01	Microsoft Windows			Fahre fort, fahre fort, Zion	RE1755-108	Rein, Johann Balthasar	3.6.2	2.5.3	1755_VierstimmigChoralbuch/Analysis-MusiCAU	1755_VierstimmigChoralbuch/Analysis-MusiCAU/A-MCAU_RE1755-108.mscx	False	38-76 (D2-E5)	Piano	60-76 (C4-E5)	Piano	38-55 (D2-G3)
A-MCAU_RE1755-109	1: 4/4	1: -2	16	16	64.0	19	19	76.0	124.0	112	60	0	0	0	Rein, Johann Balthasar	Folget mir, ruft uns das Leben								2022-08-01	Microsoft Windows			Folget mir, ruft uns das Leben	RE1755-109	Rein, Johann Balthasar	3.6.2	2.5.3	1755_VierstimmigChoralbuch/Analysis-MusiCAU	1755_VierstimmigChoralbuch/Analysis-MusiCAU/A-MCAU_RE1755-109.mscx	False	42-75 (F#2-Eb5)	Piano	62-75 (D4-Eb5)	Piano	42-58 (F#2-Bb3)
A-MCAU_RE1755-110	1: 4/4	1: -1	14	14	56.0	20	20	80.0	112.0	110	56	0	0	0	Rein, Johann Balthasar	Freuet euch, ihr Christen alle								2022-08-01	Microsoft Windows			Freuet euch, ihr Christen alle	RE1755-110	Rein, Johann Balthasar	3.6.2	2.5.3	1755_VierstimmigChoralbuch/Analysis-MusiCAU	1755_VierstimmigChoralbuch/Analysis-MusiCAU/A-MCAU_RE1755-110.mscx	False	38-74 (D2-D5)	Piano	62-74 (D4-D5)	Piano	38-57 (D2-A3)
A-MCAU_RE1755-111_SID043	1: 4/4	1: -1	13	13	52.0	19	19	76.0	96.0	81	43	0	0	0	Rein	"Jesu, meine Freude, meines
"								2021-03-03	Microsoft Windows			"Jesu, meine Freude, meines
"		Rein	3.6.2	2.5.3	1755_VierstimmigChoralbuch/Analysis-MusiCAU	1755_VierstimmigChoralbuch/Analysis-MusiCAU/A-MCAU_RE1755-111_SID043.mscx	False	40-77 (E2-F5)	Piano	62-77 (D4-F5)	Piano	40-57 (E2-A3)
A-MCAU_RE1755-112	1: 4/4	1: -1	13	13	52.0	13	13	52.0	104.0	91	50	0	0	0	Rein, Johann Balthasar	Fröhlich soll mein Hertze springen								2022-08-01	Microsoft Windows			Fröhlich soll mein Hertze springen	RE1755-112	Rein, Johann Balthasar	3.6.2	2.5.3	1755_VierstimmigChoralbuch/Analysis-MusiCAU	1755_VierstimmigChoralbuch/Analysis-MusiCAU/A-MCAU_RE1755-112.mscx	False	41-77 (F2-F5)	Piano	65-77 (F4-F5)	Piano	41-57 (F2-A3)
A-MCAU_RE1755-113_SID057	1: 3/4	1: 1	37	36	109.0	37	36	109.0	216.0	165	91	0	0	0	Rein, Johann Balthasar	"Frolocket ißt mit Händen
"								2021-03-21	Microsoft Windows			"Frolocket ißt mit Händen
"		Rein, Johann Balthasar	3.6.2	2.5.3	1755_VierstimmigChoralbuch/Analysis-MusiCAU	1755_VierstimmigChoralbuch/Analysis-MusiCAU/A-MCAU_RE1755-113_SID057.mscx	False	40-74 (E2-D5)	Piano	62-74 (D4-D5)	Piano	40-55 (E2-G3)
A-MCAU_RE1755-114	1: 4/4, 7: 3/4	1: 2	15	15	48.0	21	21	72.0	88.0	82	43	0	0	0	Rein, Johann Balthasar	Gecreutzigter, mein Herze sucht								2022-08-01	Microsoft Windows			Gecreutzigter, mein Hertze sucht	RE1755-114	Rein, Johann Balthasar	3.6.2	2.5.3	1755_VierstimmigChoralbuch/Analysis-MusiCAU	1755_VierstimmigChoralbuch/Analysis-MusiCAU/A-MCAU_RE1755-114.mscx	False	42-76 (F#2-E5)	Piano	66-76 (F#4-E5)	Piano	42-59 (F#2-B3)
A-MCAU_RE1755-115	1: 4/4	1: 1	19	19	76.0	23	23	92.0	132.0	124	65	0	0	0	Rein, Johann Balthasar	Bedencke mein, Jehovah								2022-08-01	Microsoft Windows			Gedencke mein, Jehovah	RE1755-115	Rein, Johann Balthasar	3.6.2	2.5.3	1755_VierstimmigChoralbuch/Analysis-MusiCAU	1755_VierstimmigChoralbuch/Analysis-MusiCAU/A-MCAU_RE1755-115.mscx	False	38-76 (D2-E5)	Piano	64-76 (E4-E5)	Piano	38-55 (D2-G3)
A-MCAU_RE1755-116	1: 4/4	1: 1	22	22	88.0	22	22	88.0	160.0	142	72	0	0	0	Rein, Johann Balthasar	Gelaßenheit, du angenehmer Gast								2022-08-01	Microsoft Windows			Gelaßenheit, du angenehmer Gast	RE1755-116	Rein, Johann Balthasar	3.6.2	2.5.3	1755_VierstimmigChoralbuch/Analysis-MusiCAU	1755_VierstimmigChoralbuch/Analysis-MusiCAU/A-MCAU_RE1755-116.mscx	False	42-76 (F#2-E5)	Piano	63-76 (D#4-E5)	Piano	42-57 (F#2-A3)
A-MCAU_RE1755-117	1: 3/4	1: -1	16	16	48.0	24	24	72.0	96.0	89	46	0	0	0	Rein, Johann Balthasar	Christen erwarten in allerley Fällen								2022-08-01	Microsoft Windows			Christen erwarten in allerley Fällen	RE1755-117	Rein, Johann Balthasar	3.6.2	2.5.3	1755_VierstimmigChoralbuch/Analysis-MusiCAU	1755_VierstimmigChoralbuch/Analysis-MusiCAU/A-MCAU_RE1755-117.mscx	False	41-76 (F2-E5)	Piano	60-76 (C4-E5)	Piano	41-55 (F2-G3)
A-MCAU_RE1755-118_SID030	1: 4/4	1: 1	12	12	48.0	12	12	48.0	84.0	76	40	0	0	0	Rein	"Gelobet seyst du, Jesu Christ
"								2021-02-24	Microsoft Windows			"Gelobet seyst du, Jesu Christ
"		Rein	3.6.2	2.5.3	1755_VierstimmigChoralbuch/Analysis-MusiCAU	1755_VierstimmigChoralbuch/Analysis-MusiCAU/A-MCAU_RE1755-118_SID030.mscx	False	43-76 (G2-E5)	Piano	62-76 (D4-E5)	Piano	43-55 (G2-G3)
A-MCAU_RE1755-119_SID038	1: 4/4	1: 0	25	25	100.0	33	33	132.0	172.0	153	78	0	0	0	Rein	"Herzlich lieb hab ich dich
"								2021-03-03	Microsoft Windows			"Herzlich lieb hab ich dich
"		Rein	3.6.2	2.5.3	1755_VierstimmigChoralbuch/Analysis-MusiCAU	1755_VierstimmigChoralbuch/Analysis-MusiCAU/A-MCAU_RE1755-119_SID038.mscx	False	41-77 (F2-F5)	Piano	64-77 (E4-F5)	Piano	41-60 (F2-C4)
A-MCAU_RE1755-120	1: 3/4	1: -1	18	18	54.0	26	26	78.0	108.0	97	53	0	0	0	Rein, Johann Balthasar	Gib dich zufrieden und sey stille								2022-08-01	Microsoft Windows			Gib dich zufrieden und sey stille	RE1755-120	Rein, Johann Balthasar	3.6.2	2.5.3	1755_VierstimmigChoralbuch/Analysis-MusiCAU	1755_VierstimmigChoralbuch/Analysis-MusiCAU/A-MCAU_RE1755-120.mscx	False	38-77 (D2-F5)	Piano	62-77 (D4-F5)	Piano	38-57 (D2-A3)
A-MCAU_RE1755-121	1: 4/4	1: 0	16	16	64.0	16	16	64.0	128.0	128	66	0	0	0	Rein, Johann Balthasar	Gott! den ich als Liebe kenne								2022-08-01	Microsoft Windows			Gott! den ich als Liebe kenne	RE1755-121	Rein, Johann Balthasar	3.6.2	2.5.3	1755_VierstimmigChoralbuch/Analysis-MusiCAU	1755_VierstimmigChoralbuch/Analysis-MusiCAU/A-MCAU_RE1755-121.mscx	False	40-76 (E2-E5)	Piano	64-76 (E4-E5)	Piano	40-57 (E2-A3)
A-MCAU_RE1755-122_SID031	1: 4/4	1: 2	29	29	116.0	34	34	136.0	208.0	184	95	0	0	0	Rein	"Gott der Vater wohn uns bey
"								2021-02-24	Microsoft Windows			"Gott der Vater wohn uns bey
"		Rein	3.6.2	2.5.3	1755_VierstimmigChoralbuch/Analysis-MusiCAU	1755_VierstimmigChoralbuch/Analysis-MusiCAU/A-MCAU_RE1755-122_SID031.mscx	False	40-76 (E2-E5)	Piano	62-76 (D4-E5)	Piano	40-57 (E2-A3)
A-MCAU_RE1755-123_SID041	1: 4/4	1: 1	16	16	64.0	21	21	84.0	116.0	105	56	0	0	0	Rein	"Gott, der du selbst die Liebe bist
"								2021-03-03	Microsoft Windows			"Gott, der du selbst die Liebe bist
"		Rein	3.6.2	2.5.3	1755_VierstimmigChoralbuch/Analysis-MusiCAU	1755_VierstimmigChoralbuch/Analysis-MusiCAU/A-MCAU_RE1755-123_SID041.mscx	False	40-76 (E2-E5)	Piano	62-76 (D4-E5)	Piano	40-55 (E2-G3)
A-MCAU_RE1755-124	1: 4/4	1: 0	30	30	120.0	30	30	120.0	220.0	206	112	0	0	0	Rein, Johann Balthasar	Gott kans nicht böse meynen								2022-08-01	Microsoft Windows			Gott kans nicht böse meynen	RE1755-124	Rein, Johann Balthasar	3.6.2	2.5.3	1755_VierstimmigChoralbuch/Analysis-MusiCAU	1755_VierstimmigChoralbuch/Analysis-MusiCAU/A-MCAU_RE1755-124.mscx	False	38-76 (D2-E5)	Piano	64-76 (E4-E5)	Piano	38-57 (D2-A3)
A-MCAU_RE1755-125	1: 4/4	1: 1	20	20	80.0	20	20	80.0	156.0	151	81	0	0	0	Rein, Johann Balthasar	Gott lebet noch! Seele was verz.								2022-08-01	Microsoft Windows			Gott lebet noch! Seele was verz.	RE1755-125	Rein, Johann Balthasar	3.6.2	2.5.3	1755_VierstimmigChoralbuch/Analysis-MusiCAU	1755_VierstimmigChoralbuch/Analysis-MusiCAU/A-MCAU_RE1755-125.mscx	False	43-76 (G2-E5)	Piano	62-76 (D4-E5)	Piano	43-57 (G2-A3)
A-MCAU_RE1755-126_SID058	1: 4/4	1: 1	15	15	60.0	15	15	60.0	104.0	96	54	0	0	0	Rein, Johann Balthasar	Gott lob! die Stund ist kommen								2021-04-08	Microsoft Windows			Gott lob! die Stund ist kommen		Rein, Johann Balthasar	3.6.2	2.5.3	1755_VierstimmigChoralbuch/Analysis-MusiCAU	1755_VierstimmigChoralbuch/Analysis-MusiCAU/A-MCAU_RE1755-126_SID058.mscx	False	42-74 (F#2-D5)	Piano	62-74 (D4-D5)	Piano	42-55 (F#2-G3)
A-MCAU_RE1755-127	1: 4/4	1: 0	9	9	36.0	9	9	36.0	72.0	62	32	0	0	0	Rein, Johann Balthasar	Gott wills machen, daß die Sachen								2022-08-01	Microsoft Windows			Gott wills machen, daß die Sachen	RE1755-127	Rein, Johann Balthasar	3.6.2	2.5.3	1755_VierstimmigChoralbuch/Analysis-MusiCAU	1755_VierstimmigChoralbuch/Analysis-MusiCAU/A-MCAU_RE1755-127.mscx	False	40-76 (E2-E5)	Piano	64-76 (E4-E5)	Piano	40-57 (E2-A3)
A-MCAU_RE1755-128	1: 4/4	1: 1	21	21	84.0	28	28	112.0	162.0	137	74	0	0	0	Rein, Johann Balthasar	Gott sey gelobet und gebenedeyet								2022-08-01	Microsoft Windows			Gott sey gelobet und gebenedeyet	RE1755-128	Rein, Johann Balthasar	3.6.2	2.5.3	1755_VierstimmigChoralbuch/Analysis-MusiCAU	1755_VierstimmigChoralbuch/Analysis-MusiCAU/A-MCAU_RE1755-128.mscx	False	40-74 (E2-D5)	Piano	60-74 (C4-D5)	Piano	40-55 (E2-G3)
A-MCAU_RE1755-129	1: 4/4	1: 0	24	24	96.0	24	24	96.0	172.0	154	81	0	0	0	Rein, Johann Balthasar	Der Glaube ist der Sieg								2022-08-01	Microsoft Windows			Der Glaube ist der Sieg	RE1755-129	Rein, Johann Balthasar	3.6.2	2.5.3	1755_VierstimmigChoralbuch/Analysis-MusiCAU	1755_VierstimmigChoralbuch/Analysis-MusiCAU/A-MCAU_RE1755-129.mscx	False	40-77 (E2-F5)	Piano	64-77 (E4-F5)	Piano	40-57 (E2-A3)
A-MCAU_RE1755-130_SID047	1: 4/4	1: 1	10	10	40.0	15	15	60.0	72.0	63	32	0	0	0	Rein	"Liebster Jesu, wir sind hier
"								2021-03-10	Microsoft Windows			"Liebster Jesu, wir sind hier
"		Rein	3.6.2	2.5.3	1755_VierstimmigChoralbuch/Analysis-MusiCAU	1755_VierstimmigChoralbuch/Analysis-MusiCAU/A-MCAU_RE1755-130_SID047.mscx	False	43-74 (G2-D5)	Piano	62-74 (D4-D5)	Piano	43-55 (G2-G3)
A-MCAU_RE1755-131_SID095	1: 4/4	1: 4	13	13	52.0	18	18	72.0	100.0	96	51	0	0	0	Rein, Johann Balthasar	Herr! dir trau ich all mein Tage								2022-04-06	Microsoft Windows			Herr! dir trau ich all mein Tage	RE1755-131	Rein, Johann Balthasar	3.6.2	2.5.3	1755_VierstimmigChoralbuch/Analysis-MusiCAU	1755_VierstimmigChoralbuch/Analysis-MusiCAU/A-MCAU_RE1755-131_SID095.mscx	False	40-76 (E2-E5)	Piano	64-76 (E4-E5)	Piano	40-59 (E2-B3)
A-MCAU_RE1755-132_SID094	1: 4/4	1: -1	10	10	40.0	10	10	40.0	72.0	66	34	0	0	0	Rein, Johann Balthasar	Herr Jesu Christ, wahr Mensch und								2022-04-06	Microsoft Windows			Herr Jesu Christ, wahr Mensch und		Rein, Johann Balthasar	3.6.2	2.5.3	1755_VierstimmigChoralbuch/Analysis-MusiCAU	1755_VierstimmigChoralbuch/Analysis-MusiCAU/A-MCAU_RE1755-132_SID094.mscx	False	41-74 (F2-D5)	Piano	62-74 (D4-D5)	Piano	41-55 (F2-G3)
A-MCAU_RE1755-133_SID034	1: 4/4	1: 0	78	78	312.0	98	98	392.0	564.0	514	271	0	0	0	Rein, Johann Balthasar	Herr Gott, dich loben wir								2021-10-22	Microsoft Windows			Herr Gott, dich loben wir		Rein, Johann Balthasar	3.6.2	2.5.3	1755_VierstimmigChoralbuch/Analysis-MusiCAU	1755_VierstimmigChoralbuch/Analysis-MusiCAU/A-MCAU_RE1755-133_SID034.mscx	False	40-74 (E2-D5)	Piano	60-74 (C4-D5)	Piano	40-57 (E2-A3)
A-MCAU_RE1755-134_SID035	1: 3/4	1: -1	17	16	49.0	17	16	49.0	96.0	72	41	0	0	0	Rein, Johann Balthasar	Herr Jesu Christ, dich zu uns wend								2021-10-22	Microsoft Windows			Herr Jesu Christ, dich zu uns wend		Rein, Johann Balthasar	3.6.2	2.5.3	1755_VierstimmigChoralbuch/Analysis-MusiCAU	1755_VierstimmigChoralbuch/Analysis-MusiCAU/A-MCAU_RE1755-134_SID035.mscx	False	41-74 (F2-D5)	Piano	64-74 (E4-D5)	Piano	41-55 (F2-G3)
A-MCAU_RE1755-135	1: 4/4	1: 0	10	10	40.0	10	10	40.0	80.0	79	41	0	0	0	Rein, Johann Balthasar	Hüter, wird die Nacht der Sünden								2022-08-01	Microsoft Windows			Hüter, wird die Nacht der Sünden	RE1755-135	Rein, Johann Balthasar	3.6.2	2.5.3	1755_VierstimmigChoralbuch/Analysis-MusiCAU	1755_VierstimmigChoralbuch/Analysis-MusiCAU/A-MCAU_RE1755-135.mscx	False	40-76 (E2-E5)	Piano	64-76 (E4-E5)	Piano	40-57 (E2-A3)
A-MCAU_RE1755-136_SID053	1: 4/4	1: -1	13	13	52.0	18	18	72.0	88.0	79	42	0	0	0	Rein	"Ich danke dir, mein Gott
"								2021-03-10	Microsoft Windows			"Ich danke dir, mein Gott
"		Rein	3.6.2	2.5.3	1755_VierstimmigChoralbuch/Analysis-MusiCAU	1755_VierstimmigChoralbuch/Analysis-MusiCAU/A-MCAU_RE1755-136_SID053.mscx	False	41-74 (F2-D5)	Piano	64-74 (E4-D5)	Piano	41-58 (F2-Bb3)
A-MCAU_RE1755-137	1: 3/4	1: -1	17	17	49.0	17	17	49.0	98.0	68	37	0	0	0	Rein, Johann Balthasar	Ich Erde, was erkühn ich mich								2022-06-21	Microsoft Windows			Ich Erde, was erkühn ich mich	RE1755-137	Rein, Johann Balthasar	3.6.2	2.5.3	1755_VierstimmigChoralbuch/Analysis-MusiCAU	1755_VierstimmigChoralbuch/Analysis-MusiCAU/A-MCAU_RE1755-137.mscx	False	41-76 (F2-E5)	Piano	62-76 (D4-E5)	Piano	41-57 (F2-A3)
A-MCAU_RE1755-138_SID040	1: 4/4	1: 0	12	12	48.0	12	12	48.0	82.0	73	37	0	0	0	Rein	"Ich hab mein Sach Gott heimgestellt
"								2021-03-03	Microsoft Windows			"Ich hab mein Sach Gott heimgestellt
"		Rein	3.6.2	2.5.3	1755_VierstimmigChoralbuch/Analysis-MusiCAU	1755_VierstimmigChoralbuch/Analysis-MusiCAU/A-MCAU_RE1755-138_SID040.mscx	False	43-74 (G2-D5)	Piano	66-74 (F#4-D5)	Piano	43-55 (G2-G3)
A-MCAU_RE1755-139_SID083	1: 4/4	1: -2	13	13	52.0	13	13	52.0	92.0	79	41	0	0	0	Rein, Johann Balthasar	Ich liebe Gott, und will ein Spott								2021-04-08	Microsoft Windows			Ich liebe Gott, und will ein Spott		Rein, Johann Balthasar	3.6.2	2.5.3	1755_VierstimmigChoralbuch/Analysis-MusiCAU	1755_VierstimmigChoralbuch/Analysis-MusiCAU/A-MCAU_RE1755-139_SID083.mscx	False	41-74 (F2-D5)	Piano	67-74 (G4-D5)	Piano	41-55 (F2-G3)
A-MCAU_RE1755-140_SID048	1: 4/4	1: -1	12	12	48.0	12	12	48.0	82.0	81	45	0	0	0	Rein	"Ich singe dir mit Herz und Mund
"								2021-03-10	Microsoft Windows			"Ich singe dir mit Herz und Mund
"		Rein	3.6.2	2.5.3	1755_VierstimmigChoralbuch/Analysis-MusiCAU	1755_VierstimmigChoralbuch/Analysis-MusiCAU/A-MCAU_RE1755-140_SID048.mscx	False	41-74 (F2-D5)	Piano	65-74 (F4-D5)	Piano	41-55 (F2-G3)
A-MCAU_RE1755-141	1: 4/4	1: -1	13	13	52.0	13	13	52.0	92.0	79	42	0	0	0	Rein, Johann Balthasar	Ich steh in Angst und Pein								2022-08-01	Microsoft Windows			Ich steh in Angst und Pein	RE1755-141	Rein, Johann Balthasar	3.6.2	2.5.3	1755_VierstimmigChoralbuch/Analysis-MusiCAU	1755_VierstimmigChoralbuch/Analysis-MusiCAU/A-MCAU_RE1755-141.mscx	False	41-74 (F2-D5)	Piano	65-74 (F4-D5)	Piano	41-55 (F2-G3)
A-MCAU_RE1755-142	1: 4/4	1: -2	9	9	36.0	9	9	36.0	72.0	75	38	0	0	0	Rein, Johann Balthasar	Jesu, gieb mir deine Fülle								2022-07-15	Microsoft Windows			Jesu, gieb mir deine Fülle	RE1755-142	Rein, Johann Balthasar	3.6.2	2.5.3	1755_VierstimmigChoralbuch/Analysis-MusiCAU	1755_VierstimmigChoralbuch/Analysis-MusiCAU/A-MCAU_RE1755-142.mscx	False	38-74 (D2-D5)	Piano	66-74 (F#4-D5)	Piano	38-58 (D2-Bb3)
A-MCAU_RE1755-143	1: 4/4	1: 2	7	7	28.0	7	7	28.0	52.0	50	26	0	0	0	Rein, Johann Balthasar	Jesu, laß mich mit Verlangen								2022-07-15	Microsoft Windows			Jesu, laß mich mit Verlangen	RE1755-143	Rein, Johann Balthasar	3.6.2	2.5.3	1755_VierstimmigChoralbuch/Analysis-MusiCAU	1755_VierstimmigChoralbuch/Analysis-MusiCAU/A-MCAU_RE1755-143.mscx	False	45-76 (A2-E5)	Piano	62-76 (D4-E5)	Piano	45-52 (A2-E3)
A-MCAU_RE1755-144	1: 4/4	1: -2	12	12	48.0	19	19	76.0	92.0	84	44	0	0	0	Rein, Johann Balthasar	Jesu, o du Trost derr Seelen								2022-07-15	Microsoft Windows			Jesu, o du Trost derr Seelen	RE1755-144	Rein, Johann Balthasar	3.6.2	2.5.3	1755_VierstimmigChoralbuch/Analysis-MusiCAU	1755_VierstimmigChoralbuch/Analysis-MusiCAU/A-MCAU_RE1755-144.mscx	False	41-75 (F2-Eb5)	Piano	67-75 (G4-Eb5)	Piano	41-58 (F2-Bb3)
A-MCAU_RE1755-145	1: 4/4	1: 3	13	13	52.0	13	13	52.0	104.0	91	46	0	0	0	Rein, Johann Balthasar	Jesu, wahres Lebens=Brod								2022-07-15	Microsoft Windows			Jesu, wahres Lebens=Brod	RE1755-145	Rein, Johann Balthasar	3.6.2	2.5.3	1755_VierstimmigChoralbuch/Analysis-MusiCAU	1755_VierstimmigChoralbuch/Analysis-MusiCAU/A-MCAU_RE1755-145.mscx	False	42-74 (F#2-D5)	Piano	64-74 (E4-D5)	Piano	42-57 (F#2-A3)
A-MCAU_RE1755-146_SID044	1: 4/4	1: 0	11	11	44.0	11	11	44.0	82.0	66	34	0	0	0	Rein	"Jesus Christus unser Heiland, der den
"								2021-03-03	Microsoft Windows			"Jesus Christus unser Heiland, der den
"		Rein	3.6.2	2.5.3	1755_VierstimmigChoralbuch/Analysis-MusiCAU	1755_VierstimmigChoralbuch/Analysis-MusiCAU/A-MCAU_RE1755-146_SID044.mscx	False	43-72 (G2-C5)	Piano	64-72 (E4-C5)	Piano	43-57 (G2-A3)
A-MCAU_RE1755-147	1: 4/4	1: 0	13	13	52.0	18	18	72.0	100.0	96	50	0	0	0	Rein, Johann Balthasar	Jesus ist das schönste Licht								2022-07-15	Microsoft Windows			Jesus ist das schönste Licht	RE1755-147	Rein, Johann Balthasar	3.6.2	2.5.3	1755_VierstimmigChoralbuch/Analysis-MusiCAU	1755_VierstimmigChoralbuch/Analysis-MusiCAU/A-MCAU_RE1755-147.mscx	False	40-76 (E2-E5)	Piano	64-76 (E4-E5)	Piano	40-57 (E2-A3)
A-MCAU_RE1755-148	1: 3/4	1: 0	23	23	69.0	23	23	69.0	138.0	112	58	0	0	0	Rein, Johann Balthasar	Jesu, wie sanft und wie so leichte								2022-07-25	Microsoft Windows			Jesu, wie sanft und wie so leichte	RE1755-148	Rein, Johann Balthasar	3.6.2	2.5.3	1755_VierstimmigChoralbuch/Analysis-MusiCAU	1755_VierstimmigChoralbuch/Analysis-MusiCAU/A-MCAU_RE1755-148.mscx	False	40-76 (E2-E5)	Piano	64-76 (E4-E5)	Piano	40-57 (E2-A3)
A-MCAU_RE1755-149	1: 4/4	1: 1	14	14	56.0	20	20	80.0	108.0	108	62	0	0	0	Rein, Johann Balthasar	Immanuel, des Güte nicht zu								2022-07-25	Microsoft Windows			Immanuel, des Güte nicht zu	RE1755-149	Rein, Johann Balthasar	3.6.2	2.5.3	1755_VierstimmigChoralbuch/Analysis-MusiCAU	1755_VierstimmigChoralbuch/Analysis-MusiCAU/A-MCAU_RE1755-149.mscx	False	38-76 (D2-E5)	Piano	64-76 (E4-E5)	Piano	38-55 (D2-G3)
A-MCAU_RE1755-150	1: 4/4	1: 1	12	12	48.0	12	12	48.0	92.0	85	44	0	0	0	Rein, Johann Balthasar	Jesus Christus unser Heiland, der von								2022-07-25	Microsoft Windows			Jesus Christus unser Heiland, der von	RE1755-150	Rein, Johann Balthasar	3.6.2	2.5.3	1755_VierstimmigChoralbuch/Analysis-MusiCAU	1755_VierstimmigChoralbuch/Analysis-MusiCAU/A-MCAU_RE1755-150.mscx	False	43-76 (G2-E5)	Piano	64-76 (E4-E5)	Piano	43-55 (G2-G3)
A-MCAU_RE1755-151_SID045	1: 4/4	1: 1	26	26	104.0	26	26	104.0	186.0	175	92	0	0	0	Rein	"Komm heiliger Geist. Herre Gott
"								2021-03-03	Microsoft Windows			"Komm heiliger Geist. Herre Gott
"		Rein	3.6.2	2.5.3	1755_VierstimmigChoralbuch/Analysis-MusiCAU	1755_VierstimmigChoralbuch/Analysis-MusiCAU/A-MCAU_RE1755-151_SID045.mscx	False	38-76 (D2-E5)	Piano	62-76 (D4-E5)	Piano	38-55 (D2-G3)
A-MCAU_RE1755-152	1: 4/4	1: 2	13	13	52.0	20	20	80.0	92.0	85	44	0	0	0	Rein, Johann Balthasar	O süßes Wort, das Gott nach langen								2022-07-25	Microsoft Windows			O süßes Wort, das Gott nach langen	RE1755-152	Rein, Johann Balthasar	3.6.2	2.5.3	1755_VierstimmigChoralbuch/Analysis-MusiCAU	1755_VierstimmigChoralbuch/Analysis-MusiCAU/A-MCAU_RE1755-152.mscx	False	42-76 (F#2-E5)	Piano	66-76 (F#4-E5)	Piano	42-59 (F#2-B3)
A-MCAU_RE1755-153	1: 4/4	1: 0	38	38	152.0	38	38	152.0	290.0	259	135	0	0	0	Rein, Johann Balthasar	Kyrie! Gott Vater in Ewigkeit								2022-07-25	Microsoft Windows			Kyrie! Gott Vater in Ewigkeit	RE1755-153	Rein, Johann Balthasar	3.6.2	2.5.3	1755_VierstimmigChoralbuch/Analysis-MusiCAU	1755_VierstimmigChoralbuch/Analysis-MusiCAU/A-MCAU_RE1755-153.mscx	False	41-74 (F2-D5)	Piano	62-74 (D4-D5)	Piano	41-55 (F2-G3)
A-MCAU_RE1755-154	1: 4/4	1: -2	10	10	40.0	15	15	60.0	72.0	75	39	0	0	0	Rein, Johann Balthasar	Mein Jesu, hier sind seine Brüder								2022-07-25	Microsoft Windows			Mein Jesu, hier sind seine Brüder	RE1755-154	Rein, Johann Balthasar	3.6.2	2.5.3	1755_VierstimmigChoralbuch/Analysis-MusiCAU	1755_VierstimmigChoralbuch/Analysis-MusiCAU/A-MCAU_RE1755-154.mscx	False	41-75 (F2-Eb5)	Piano	62-75 (D4-Eb5)	Piano	41-55 (F2-G3)
A-MCAU_RE1755-155	1: 4/4	1: 1	8	8	32.0	8	8	32.0	64.0	51	26	0	0	0	Rein, Johann Balthasar	Meine Seel erhebt den Herren								2022-07-25	Microsoft Windows			Meine Seel erhebt den Herren	RE1755-155	Rein, Johann Balthasar	3.6.2	2.5.3	1755_VierstimmigChoralbuch/Analysis-MusiCAU	1755_VierstimmigChoralbuch/Analysis-MusiCAU/A-MCAU_RE1755-155.mscx	False	43-74 (G2-D5)	Piano	64-74 (E4-D5)	Piano	43-57 (G2-A3)
A-MCAU_RE1755-156	1: 4/4	1: 1	18	18	72.0	27	27	108.0	124.0	115	60	0	0	0	Rein, Johann Balthasar	Mein Abba! deßen treu								2022-07-25	Microsoft Windows			Mein Abba! deßen treu	RE1755-156	Rein, Johann Balthasar	3.6.2	2.5.3	1755_VierstimmigChoralbuch/Analysis-MusiCAU	1755_VierstimmigChoralbuch/Analysis-MusiCAU/A-MCAU_RE1755-156.mscx	False	38-76 (D2-E5)	Piano	62-76 (D4-E5)	Piano	38-57 (D2-A3)
A-MCAU_RE1755-157	1: 4/4	1: -2	19	19	76.0	19	19	76.0	140.0	114	59	0	0	0	Rein, Johann Balthasar	Lobet den Herrn denn er								2022-07-25	Microsoft Windows			Lobet den Herrn denn er	RE1755-157	Rein, Johann Balthasar	3.6.2	2.5.3	1755_VierstimmigChoralbuch/Analysis-MusiCAU	1755_VierstimmigChoralbuch/Analysis-MusiCAU/A-MCAU_RE1755-157.mscx	False	43-74 (G2-D5)	Piano	66-74 (F#4-D5)	Piano	43-57 (G2-A3)
A-MCAU_RE1755-158	1: 4/4	1: -2	8	8	32.0	12	12	48.0	64.0	59	31	0	0	0	Rein, Johann Balthasar	Meine Seel ist still zu Gott, zu dem								2022-07-25	Microsoft Windows			Meine Seel ist still zu Gott, zu dem	RE1755-158	Rein, Johann Balthasar	3.6.2	2.5.3	1755_VierstimmigChoralbuch/Analysis-MusiCAU	1755_VierstimmigChoralbuch/Analysis-MusiCAU/A-MCAU_RE1755-158.mscx	False	43-77 (G2-F5)	Piano	66-77 (F#4-F5)	Piano	43-55 (G2-G3)
A-MCAU_RE1755-159	1: 3/4	1: -2	15	15	42.0	15	15	42.0	84.0	68	40	0	0	0	Rein, Johann Balthasar	Mein Gott, das Hertz ich bringe dir								2022-07-25	Microsoft Windows			Mein Gott, das Hertz ich bringe dir	RE1755-159	Rein, Johann Balthasar	3.6.2	2.5.3	1755_VierstimmigChoralbuch/Analysis-MusiCAU	1755_VierstimmigChoralbuch/Analysis-MusiCAU/A-MCAU_RE1755-159.mscx	False	42-75 (F#2-Eb5)	Piano	62-75 (D4-Eb5)	Piano	42-57 (F#2-A3)
A-MCAU_RE1755-160_SID049	1: 4/4	1: 0	22	22	88.0	28	28	112.0	156.0	148	78	0	0	0	Rein	"Mein Heiland, nimmt die Sünder an
"								2021-03-10	Microsoft Windows			"Mein Heiland, nimmt die Sünder an
"		Rein	3.6.2	2.5.3	1755_VierstimmigChoralbuch/Analysis-MusiCAU	1755_VierstimmigChoralbuch/Analysis-MusiCAU/A-MCAU_RE1755-160_SID049.mscx	False	42-76 (F#2-E5)	Piano	60-76 (C4-E5)	Piano	42-55 (F#2-G3)
A-MCAU_RE1755-161	1: 4/4	1: 0	18	18	69.0	18	18	69.0	120.0	105	53	0	0	0	Rein, Johann Balthasar	Mein V ater zeuge mich								2022-07-25	Microsoft Windows			Mein Vater zeuge mich	RE1755-161	Rein, Johann Balthasar	3.6.2	2.5.3	1755_VierstimmigChoralbuch/Analysis-MusiCAU	1755_VierstimmigChoralbuch/Analysis-MusiCAU/A-MCAU_RE1755-161.mscx	False	43-76 (G2-E5)	Piano	60-76 (C4-E5)	Piano	43-57 (G2-A3)
A-MCAU_RE1755-162_SID050	1: 4/4	1: 1	13	13	52.0	13	13	52.0	96.0	96	51	0	0	0	Rein	"Mit Fried und Freud ich
"								2021-03-10	Microsoft Windows			"Mit Fried und Freud ich
"		Rein	3.6.2	2.5.3	1755_VierstimmigChoralbuch/Analysis-MusiCAU	1755_VierstimmigChoralbuch/Analysis-MusiCAU/A-MCAU_RE1755-162_SID050.mscx	False	42-76 (F#2-E5)	Piano	62-76 (D4-E5)	Piano	42-59 (F#2-B3)
A-MCAU_RE1755-163_SID051	1: 4/4	1: 2	26	26	104.0	30	30	120.0	194.0	177	92	0	0	0	Rein	Mitten wir im Leben sind								2021-03-10	Microsoft Windows			Mitten wir im Leben sind		Rein	3.6.2	2.5.3	1755_VierstimmigChoralbuch/Analysis-MusiCAU	1755_VierstimmigChoralbuch/Analysis-MusiCAU/A-MCAU_RE1755-163_SID051.mscx	False	40-76 (E2-E5)	Piano	62-76 (D4-E5)	Piano	40-59 (E2-B3)
A-MCAU_RE1755-164_SID052	1: 4/4	1: 1	13	13	52.0	13	13	52.0	96.0	90	48	0	0	0	Rein	"Nun bitten wir den heil.
"								2021-03-10	Microsoft Windows			"Nun bitten wir den heil.
"		Rein	3.6.2	2.5.3	1755_VierstimmigChoralbuch/Analysis-MusiCAU	1755_VierstimmigChoralbuch/Analysis-MusiCAU/A-MCAU_RE1755-164_SID052.mscx	False	38-76 (D2-E5)	Piano	62-76 (D4-E5)	Piano	38-55 (D2-G3)
A-MCAU_RE1755-165	1: 4/4	1: -2	13	13	52.0	13	13	52.0	100.0	82	42	0	0	0	Rein, Johann Balthasar	O was für ein herrlich Weesen								2022-07-25	Microsoft Windows			O was für ein herrlich Weesen	RE1755-165	Rein, Johann Balthasar	3.6.2	2.5.3	1755_VierstimmigChoralbuch/Analysis-MusiCAU	1755_VierstimmigChoralbuch/Analysis-MusiCAU/A-MCAU_RE1755-165.mscx	False	38-77 (D2-F5)	Piano	65-77 (F4-F5)	Piano	38-55 (D2-G3)
A-MCAU_RE1755-166_SID056	1: 4/4	1: -2	10	10	40.0	10	10	40.0	72.0	67	35	0	0	0	Kittel	"Nun laßt uns den Leib begraben
"								2021-03-15	Microsoft Windows			"Nun laßt uns den Leib begraben
"		Rein	3.6.2	2.5.3	1755_VierstimmigChoralbuch/Analysis-MusiCAU	1755_VierstimmigChoralbuch/Analysis-MusiCAU/A-MCAU_RE1755-166_SID056.mscx	False	38-75 (D2-Eb5)	Piano	67-75 (G4-Eb5)	Piano	38-55 (D2-G3)
A-MCAU_RE1755-167_SID075	1: 4/4	1: 1	13	13	52.0	18	18	72.0	92.0	79	41	0	0	0	Rein, Johann Balthasar	O auferstandner Sieges-Fürst								2021-04-08	Microsoft Windows			O auferstandner Sieges-Fürst		Rein, Johann Balthasar	3.6.2	2.5.3	1755_VierstimmigChoralbuch/Analysis-MusiCAU	1755_VierstimmigChoralbuch/Analysis-MusiCAU/A-MCAU_RE1755-167_SID075.mscx	False	43-76 (G2-E5)	Piano	62-76 (D4-E5)	Piano	43-55 (G2-G3)
A-MCAU_RE1755-168	1: 4/4	1: 1	8	8	32.0	8	8	32.0	64.0	62	33	0	0	0	Johann Balthasar Rein	O der alles hätt verlohren								2023-07-24	Microsoft Windows			O der alles hätt verlohren	RE1755-168	Johann Balthasar Rein	3.6.2	2.5.3	1755_VierstimmigChoralbuch/Analysis-MusiCAU	1755_VierstimmigChoralbuch/Analysis-MusiCAU/A-MCAU_RE1755-168.mscx	False	40-74 (E2-D5)	Piano	64-74 (E4-D5)	Piano	40-55 (E2-G3)
A-MCAU_RE1755-169_SID061	1: 4/4	1: 1	14	14	56.0	19	19	76.0	98.0	94	50	0	0	0	Rein, Johann Balthasar	O Lamm Gottes unschuldig								2021-04-08	Microsoft Windows			O Lamm Gottes unschuldig		Rein, Johann Balthasar	3.6.2	2.5.3	1755_VierstimmigChoralbuch/Analysis-MusiCAU	1755_VierstimmigChoralbuch/Analysis-MusiCAU/A-MCAU_RE1755-169_SID061.mscx	False	42-76 (F#2-E5)	Piano	62-76 (D4-E5)	Piano	42-57 (F#2-A3)
A-MCAU_RE1755-170_SID063	1: 4/4	1: -1	11	11	44.0	11	11	44.0	86.0	77	42	0	0	0	Rein, Johann Balthasar	O wie selig seyd ihr doch, ihr Frommen								2021-04-08	Microsoft Windows			O wie selig seyd ihr doch, ihr Frommen		Rein, Johann Balthasar	3.6.2	2.5.3	1755_VierstimmigChoralbuch/Analysis-MusiCAU	1755_VierstimmigChoralbuch/Analysis-MusiCAU/A-MCAU_RE1755-170_SID063.mscx	False	38-76 (D2-E5)	Piano	64-76 (E4-E5)	Piano	38-57 (D2-A3)
A-MCAU_RE1755-171_SID064	1: 4/4	1: -3	20	20	80.0	20	20	80.0	160.0	128	65	0	0	0	Rein, Johann Balthasar	O wir armen Sünder!								2021-04-08	Microsoft Windows			O wir armen Sünder!		Rein, Johann Balthasar	3.6.2	2.5.3	1755_VierstimmigChoralbuch/Analysis-MusiCAU	1755_VierstimmigChoralbuch/Analysis-MusiCAU/A-MCAU_RE1755-171_SID064.mscx	False	41-75 (F2-Eb5)	Piano	63-75 (Eb4-Eb5)	Piano	41-58 (F2-Bb3)
A-MCAU_RE1755-172	1: 4/4	1: 1	13	13	52.0	21	21	84.0	94.0	90	48	0	0	0	Rein, Johann Balthasar	O Jesu, schönste Seelen-Zier								2022-07-25	Microsoft Windows			O Jesu, schönste Seelen-Zier	RE1755-172	Rein, Johann Balthasar	3.6.2	2.5.3	1755_VierstimmigChoralbuch/Analysis-MusiCAU	1755_VierstimmigChoralbuch/Analysis-MusiCAU/A-MCAU_RE1755-172.mscx	False	42-76 (F#2-E5)	Piano	64-76 (E4-E5)	Piano	42-54 (F#2-F#3)
A-MCAU_RE1755-173	1: 4/4	1: 1	11	11	44.0	11	11	44.0	88.0	76	39	0	0	0	Rein, Johann Balthasar	Reiner Bräutigam, unbeflecktes								2022-07-25	Microsoft Windows			Reiner Bräutigam, unbeflecktes	RE1755-173	Rein, Johann Balthasar	3.6.2	2.5.3	1755_VierstimmigChoralbuch/Analysis-MusiCAU	1755_VierstimmigChoralbuch/Analysis-MusiCAU/A-MCAU_RE1755-173.mscx	False	43-74 (G2-D5)	Piano	66-74 (F#4-D5)	Piano	43-55 (G2-G3)
A-MCAU_RE1755-174	1: 4/4	1: 0	12	12	48.0	18	18	72.0	84.0	80	42	0	0	0	Rein, Johann Balthasar	Wer ist wol würdig, isch zu nahen								2022-07-25	Microsoft Windows			Wer ist wol würdig, isch zu nahen	RE1755-174	Rein, Johann Balthasar	3.6.2	2.5.3	1755_VierstimmigChoralbuch/Analysis-MusiCAU	1755_VierstimmigChoralbuch/Analysis-MusiCAU/A-MCAU_RE1755-174.mscx	False	41-77 (F2-F5)	Piano	60-77 (C4-F5)	Piano	41-57 (F2-A3)
A-MCAU_RE1755-175	1: 3/4	1: 0	32	32	90.0	44	44	123.0	180.0	144	81	0	0	0	Rein, Johann Balthasar	So ruth mein Muth in Jesu Blut und								2022-07-25	Microsoft Windows			So ruth mein Muth in Jesu Blut und	RE1755-175	Rein, Johann Balthasar	3.6.2	2.5.3	1755_VierstimmigChoralbuch/Analysis-MusiCAU	1755_VierstimmigChoralbuch/Analysis-MusiCAU/A-MCAU_RE1755-175.mscx	False	38-76 (D2-E5)	Piano	60-76 (C4-E5)	Piano	38-57 (D2-A3)
A-MCAU_RE1755-176	1: 4/4	1: 1	8	8	32.0	12	12	48.0	64.0	67	36	0	0	0	Rein, Johann Balthasar	Sieh hier bin ich Ehren-König								2022-07-25	Microsoft Windows			Sieh hier bin ich Ehren-König	RE1755-176	Rein, Johann Balthasar	3.6.2	2.5.3	1755_VierstimmigChoralbuch/Analysis-MusiCAU	1755_VierstimmigChoralbuch/Analysis-MusiCAU/A-MCAU_RE1755-176.mscx	False	38-76 (D2-E5)	Piano	62-76 (D4-E5)	Piano	38-55 (D2-G3)
A-MCAU_RE1755-177	1: 4/4	1: 4	17	17	68.0	23	23	92.0	116.0	108	56	0	0	0	Rein, Johann Balthasar	Wach auf, wach auf, du sichre Welt								2022-07-25	Microsoft Windows			Wach auf, wach auf, du sichre Welt	RE1755-177	Rein, Johann Balthasar	3.6.2	2.5.3	1755_VierstimmigChoralbuch/Analysis-MusiCAU	1755_VierstimmigChoralbuch/Analysis-MusiCAU/A-MCAU_RE1755-177.mscx	False	42-75 (F#2-D#5)	Piano	64-75 (E4-D#5)	Piano	42-54 (F#2-F#3)
A-MCAU_RE1755-178	1: 4/4	1: 1	19	19	76.0	19	19	76.0	136.0	119	65	0	0	0	Rein, Johann Balthasar	Wacht auf, ihr Schriften alle								2022-07-25	Microsoft Windows			Wacht auf, ihr Schriften alle	RE1755-178	Rein, Johann Balthasar	3.6.2	2.5.3	1755_VierstimmigChoralbuch/Analysis-MusiCAU	1755_VierstimmigChoralbuch/Analysis-MusiCAU/A-MCAU_RE1755-178.mscx	False	43-74 (G2-D5)	Piano	62-74 (D4-D5)	Piano	43-57 (G2-A3)
A-MCAU_RE1755-179	1: 4/4	1: 0	13	13	52.0	18	18	72.0	94.0	86	45	0	0	0	Rein, Johann Christian	Wenn meine Sünd mich kräncken								2022-07-26	Microsoft Windows			Wenn meine Sünd mich kräncken	RE1755-179	Rein, Johann Balthasar	3.6.2	2.5.3	1755_VierstimmigChoralbuch/Analysis-MusiCAU	1755_VierstimmigChoralbuch/Analysis-MusiCAU/A-MCAU_RE1755-179.mscx	False	43-76 (G2-E5)	Piano	64-76 (E4-E5)	Piano	43-57 (G2-A3)
A-MCAU_RE1755-180	1: 4/4	1: 1	14	14	56.0	20	20	80.0	98.0	94	49	0	0	0	Rein, Johann Balthasar	Wen seh´ ich dort an jenem Berge liegen								2022-07-26	Microsoft Windows			Wen seh´ ich dort an jenem Berge liegen	RE1755-180	Rein, Johann Balthasar	3.6.2	2.5.3	1755_VierstimmigChoralbuch/Analysis-MusiCAU	1755_VierstimmigChoralbuch/Analysis-MusiCAU/A-MCAU_RE1755-180.mscx	False	42-78 (F#2-F#5)	Piano	64-78 (E4-F#5)	Piano	42-59 (F#2-B3)
A-MCAU_RE1755-181	1: 3/4	1: -2	20	20	60.0	28	28	84.0	120.0	108	58	0	0	0	Rein, Johann Balthasar	Seligstes Weesen, unendliche Wonne								2022-07-26	Microsoft Windows			Seligstes Weesen, unendliche Wonne	RE1755-181	Rein, Johann Balthasar	3.6.2	2.5.3	1755_VierstimmigChoralbuch/Analysis-MusiCAU	1755_VierstimmigChoralbuch/Analysis-MusiCAU/A-MCAU_RE1755-181.mscx	False	41-77 (F2-F5)	Piano	62-77 (D4-F5)	Piano	41-55 (F2-G3)
A-MCAU_RE1755-182_SID084	1: 4/4	1: -1	31	31	124.0	31	31	124.0	240.0	219	113	0	0	0	Rein, Johann Balthasar	Wir gläuben all an einen Gott								2021-04-08	Microsoft Windows			Wir gläuben all an einen Gott		Rein, Johann Balthasar	3.6.2	2.5.3	1755_VierstimmigChoralbuch/Analysis-MusiCAU	1755_VierstimmigChoralbuch/Analysis-MusiCAU/A-MCAU_RE1755-182_SID084.mscx	False	40-76 (E2-E5)	Piano	61-76 (C#4-E5)	Piano	40-57 (E2-A3)
A-MCAU_RE1755-183	1: 4/4	1: 4	12	12	48.0	16	16	64.0	96.0	95	49	0	0	0	Rein, Johann Balthasar	Durchbrecher aller Bande								2022-07-26	Microsoft Windows			O Durchbrecher aller Bande	RE1755-183	Rein, Johann Balthasar	3.6.2	2.5.3	1755_VierstimmigChoralbuch/Analysis-MusiCAU	1755_VierstimmigChoralbuch/Analysis-MusiCAU/A-MCAU_RE1755-183.mscx	False	40-76 (E2-E5)	Piano	64-76 (E4-E5)	Piano	40-59 (E2-B3)
A-MCAU_RE1755-184	1: 4/4	1: -2	16	16	64.0	16	16	64.0	112.0	105	53	0	0	0	Rein, Johann Balthasar	Ich armes Menschen-Kind								2022-07-26	Microsoft Windows			Ich armes Menschen-Kind	RE1755-184	Rein, Johann Balthasar	3.6.2	2.5.3	1755_VierstimmigChoralbuch/Analysis-MusiCAU	1755_VierstimmigChoralbuch/Analysis-MusiCAU/A-MCAU_RE1755-184.mscx	False	41-74 (F2-D5)	Piano	62-74 (D4-D5)	Piano	41-55 (F2-G3)
A-MCAU_RE1755-185	1: 4/4, 14: 3/4	1: 1	21	21	76.0	21	21	76.0	152.0	125	66	0	0	0	Rein, Johann Balthasar	Welt ade! ich bin dein müde								2022-07-26	Microsoft Windows			Welt ade! ich bin dein müde	RE1755-185	Rein, Johann Balthasar	3.6.2	2.5.3	1755_VierstimmigChoralbuch/Analysis-MusiCAU	1755_VierstimmigChoralbuch/Analysis-MusiCAU/A-MCAU_RE1755-185.mscx	False	43-74 (G2-D5)	Piano	64-74 (E4-D5)	Piano	43-59 (G2-B3)
A-MCAU_RE1755-186	1: 4/4	1: 1	9	9	36.0	9	9	36.0	72.0	66	33	0	0	0	Rein, Johann Balthasar	Liebster Jesu, du wirst kommen								2022-07-26	Microsoft Windows			Liebster Jesu, du wirst kommen	RE1755-186	Rein, Johann Balthasar	3.6.2	2.5.3	1755_VierstimmigChoralbuch/Analysis-MusiCAU	1755_VierstimmigChoralbuch/Analysis-MusiCAU/A-MCAU_RE1755-186.mscx	False	43-76 (G2-E5)	Piano	64-76 (E4-E5)	Piano	43-55 (G2-G3)
A-MCAU_RE1755-187	1: 4/4	1: 2	13	13	52.0	20	20	80.0	92.0	87	48	0	0	0	Rein, Johann Balthasar	Was ist der Mensch, daß du Herr								2022-07-26	Microsoft Windows			Was ist der Mensch, daß du Herr	RE1755-187	Rein, Johann Balthasar	3.6.2	2.5.3	1755_VierstimmigChoralbuch/Analysis-MusiCAU	1755_VierstimmigChoralbuch/Analysis-MusiCAU/A-MCAU_RE1755-187.mscx	False	43-76 (G2-E5)	Piano	62-76 (D4-E5)	Piano	43-57 (G2-A3)
A-MCAU_RE1755-188	1: 4/4	1: 1	13	13	52.0	18	18	72.0	100.0	99	51	0	0	0	Rein, Johann Balthasar	Liebes Hertz, bedencke doch								2022-07-26	Microsoft Windows			Liebes Hertz, bedencke doch	RE1755-188	Rein, Johann Balthasar	3.6.2	2.5.3	1755_VierstimmigChoralbuch/Analysis-MusiCAU	1755_VierstimmigChoralbuch/Analysis-MusiCAU/A-MCAU_RE1755-188.mscx	False	40-74 (E2-D5)	Piano	64-74 (E4-D5)	Piano	40-57 (E2-A3)
A-MCAU_RE1755-189_SID071	1: 4/4	1: 2	10	10	40.0	10	10	40.0	72.0	66	33	0	0	0	Rein, Johann Balthasar	Vom Himmel hoch da komm								2021-04-08	Microsoft Windows			Vom Himmel hoch da komm		Rein, Johann Balthasar	3.6.2	2.5.3	1755_VierstimmigChoralbuch/Analysis-MusiCAU	1755_VierstimmigChoralbuch/Analysis-MusiCAU/A-MCAU_RE1755-189_SID071.mscx	False	43-74 (G2-D5)	Piano	62-74 (D4-D5)	Piano	43-57 (G2-A3)
A-MCAU_RE1755-190	1: 4/4	1: 1	8	8	32.0	8	8	32.0	64.0	53	28	0	0	0	Rein, Johann Balthasar	Den die Engel droben								2022-07-26	Microsoft Windows			Den die Engel droben	RE1755-190	Rein, Johann Balthasar	3.6.2	2.5.3	1755_VierstimmigChoralbuch/Analysis-MusiCAU	1755_VierstimmigChoralbuch/Analysis-MusiCAU/A-MCAU_RE1755-190.mscx	False	42-74 (F#2-D5)	Piano	67-74 (G4-D5)	Piano	42-55 (F#2-G3)
A-MCAU_RE1755-191	1: 4/4	1: -2	9	9	36.0	9	9	36.0	72.0	61	31	0	0	0	Rein, Johann Balthasar	Höchster Priester. der du dich								2022-07-26	Microsoft Windows			Höchster Priester, der du dich	RE1755-191	Rein, Johann Balthasar	3.6.2	2.5.3	1755_VierstimmigChoralbuch/Analysis-MusiCAU	1755_VierstimmigChoralbuch/Analysis-MusiCAU/A-MCAU_RE1755-191.mscx	False	43-77 (G2-F5)	Piano	66-77 (F#4-F5)	Piano	43-58 (G2-Bb3)
A-MCAU_RE1755-192	1: 4/4	1: 1	18	18	72.0	22	22	88.0	128.0	113	57	0	0	0	Rein, Johann Balthasar	Verborgener Gott! du wohnst in einem Lichte								2022-07-26	Microsoft Windows			Verborgener Gott! du wohnst in einem Lichte	RE1755-192	Rein, Johann Balthasar	3.6.2	2.5.3	1755_VierstimmigChoralbuch/Analysis-MusiCAU	1755_VierstimmigChoralbuch/Analysis-MusiCAU/A-MCAU_RE1755-192.mscx	False	40-76 (E2-E5)	Piano	64-76 (E4-E5)	Piano	40-55 (E2-G3)
A-MCAU_RE1755-193	1: 3/4	1: 0	17	17	49.0	25	25	73.0	98.0	92	48	0	0	0	Rein, Johann Balthasar	Friede! ach Friede! ach göttl.								2022-07-26	Microsoft Windows			Friede! ach Friede! ach göttl.	RE1755-193	Rein, Johann Balthasar	3.6.2	2.5.3	1755_VierstimmigChoralbuch/Analysis-MusiCAU	1755_VierstimmigChoralbuch/Analysis-MusiCAU/A-MCAU_RE1755-193.mscx	False	45-76 (A2-E5)	Piano	64-76 (E4-E5)	Piano	45-57 (A2-A3)
A-MCAU_RE1755-194	1: 3/4	1: -3	16	16	48.0	24	24	72.0	96.0	83	44	0	0	0	Rein, Johann Balthasar	Lobe, o Seele, den mächtigen Herrn								2022-07-26	Microsoft Windows			Lobe, o Seele, den mächtigen Herrn	RE1755-194	Rein, Johann Balthasar	3.6.2	2.5.3	1755_VierstimmigChoralbuch/Analysis-MusiCAU	1755_VierstimmigChoralbuch/Analysis-MusiCAU/A-MCAU_RE1755-194.mscx	False	39-75 (Eb2-Eb5)	Piano	62-75 (D4-Eb5)	Piano	39-58 (Eb2-Bb3)
A-MCAU_RE1755-195	1: 4/4	1: -1	14	14	56.0	14	14	56.0	108.0	96	50	0	0	0	Rein, Johann Balthasar	Treuer Vater! deine Liebe								2022-07-26	Microsoft Windows			Treuer Vater! deine Liebe	RE1755-195	Rein, Johann Balthasar	3.6.2	2.5.3	1755_VierstimmigChoralbuch/Analysis-MusiCAU	1755_VierstimmigChoralbuch/Analysis-MusiCAU/A-MCAU_RE1755-195.mscx	False	41-76 (F2-E5)	Piano	62-76 (D4-E5)	Piano	41-55 (F2-G3)
A-MCAU_RE1755-196	1: 4/4	1: 3	9	9	36.0	14	14	56.0	68.0	59	31	0	0	0	Rein, Johann Balthasar	Auf! ihr Christen, Christi-Glieder								2022-07-26	Microsoft Windows			Auf! ihr Christen, Christi-Glieder	RE1755-196	Rein, Johann Balthasar	3.6.2	2.5.3	1755_VierstimmigChoralbuch/Analysis-MusiCAU	1755_VierstimmigChoralbuch/Analysis-MusiCAU/A-MCAU_RE1755-196.mscx	False	40-76 (E2-E5)	Piano	69-76 (A4-E5)	Piano	40-59 (E2-B3)
A-MCAU_RE1755-197	1: 4/4	1: -2	57	57	228.0	97	97	388.0	400.0	320	162	0	0	0	Rein, Johann Balthasar	Kyrie! Eleison! (die Litaney)								2022-07-26	Microsoft Windows			Kyrie! Eleison! (die Litaney)	RE1755-197	Rein, Johann Balthasar	3.6.2	2.5.3	1755_VierstimmigChoralbuch/Analysis-MusiCAU	1755_VierstimmigChoralbuch/Analysis-MusiCAU/A-MCAU_RE1755-197.mscx	False	38-74 (D2-D5)	Piano	67-74 (G4-D5)	Piano	38-58 (D2-Bb3)
A-MCAU_RE1755-198	1: 4/4	1: -2	49	49	196.0	94	94	376.0	356.0	302	154	0	0	0	Rein, Johann Balthasar	Kyrie! Ach Vater allerhöchster Gott								2022-07-26	Microsoft Windows			Kyrie! Ach Vater allerhöchster Gott	RE1755-198	Rein, Johann Balthasar	3.6.2	2.5.3	1755_VierstimmigChoralbuch/Analysis-MusiCAU	1755_VierstimmigChoralbuch/Analysis-MusiCAU/A-MCAU_RE1755-198.mscx	False	41-75 (F2-Eb5)	Piano	62-75 (D4-Eb5)	Piano	41-58 (F2-Bb3)
A-MCAU_RE1755-199	1: 4/4	1: 0	9	9	36.0	14	14	56.0	68.0	59	30	0	0	0	Rein, Johann Balthasar	Seele! geh auf Golgatha								2022-07-26	Microsoft Windows			Seele! geh auf Golgatha	RE1755-199	Rein, Johann Balthasar	3.6.2	2.5.3	1755_VierstimmigChoralbuch/Analysis-MusiCAU	1755_VierstimmigChoralbuch/Analysis-MusiCAU/A-MCAU_RE1755-199.mscx	False	41-76 (F2-E5)	Piano	60-76 (C4-E5)	Piano	41-55 (F2-G3)
A-MCAU_RE1755-200	1: 4/4	1: 3	12	12	48.0	16	16	64.0	96.0	92	47	0	0	0	Rein, Johann Balthasar	Du. o schönes Weltgebäude								2022-07-26	Microsoft Windows			Du, o schönes Weltgebäude	RE1755-200	Rein, Johann Balthasar	3.6.2	2.5.3	1755_VierstimmigChoralbuch/Analysis-MusiCAU	1755_VierstimmigChoralbuch/Analysis-MusiCAU/A-MCAU_RE1755-200.mscx	False	40-76 (E2-E5)	Piano	64-76 (E4-E5)	Piano	40-57 (E2-A3)
A-MCAU_RE1755-201	1: 4/4	1: 0	10	10	40.0	15	15	60.0	72.0	67	35	0	0	0	Rein, Johann Balthasar	Ach! sagt mir nichts von Gold und								2022-07-26	Microsoft Windows			Ach! sagt mir nichts von Gold und	RE1755-201	Rein, Johann Balthasar	3.6.2	2.5.3	1755_VierstimmigChoralbuch/Analysis-MusiCAU	1755_VierstimmigChoralbuch/Analysis-MusiCAU/A-MCAU_RE1755-201.mscx	False	41-77 (F2-F5)	Piano	60-77 (C4-F5)	Piano	41-55 (F2-G3)
